k,gain,policy_samples
1,0.32192809488736174,0
1,0.32192809488736174,1
1,0.32192809488736174,2
1,0.32192809488736174,3
1,0.32192809488736174,4
1,0.32192809488736174,5
1,0.32192809488736174,6
1,0.32192809488736174,7
1,0.32192809488736174,8
1,0.32192809488736174,9
1,0.32192809488736174,10
1,0.32192809488736174,11
1,0.32192809488736174,12
1,0.32192809488736174,13
1,0.32192809488736174,14
1,0.32192809488736174,15
1,0.32192809488736174,16
1,0.32192809488736174,17
1,0.32192809488736174,18
1,0.32192809488736174,19
1,0.32192809488736174,20
1,0.32192809488736174,21
1,0.32192809488736174,22
1,0.32192809488736174,23
1,0.32192809488736174,24
1,3.0588936890535683,0
1,1.8365012677171202,1
1,1.8365012677171202,2
1,1.8365012677171202,3
1,1.8365012677171202,4
1,1.6438561897747244,5
1,1.6438561897747244,6
1,1.4739311883324122,7
1,1.4739311883324122,8
1,1.4739311883324122,9
1,1.4739311883324122,10
1,1.4739311883324122,11
1,1.4739311883324122,12
1,1.4739311883324122,13
1,1.4739311883324122,14
1,1.4739311883324122,15
1,1.4739311883324122,16
1,1.4739311883324122,17
1,1.4739311883324122,18
1,1.4739311883324122,19
1,1.4739311883324122,20
1,1.4739311883324122,21
1,1.4739311883324122,22
1,1.4739311883324122,23
1,1.4739311883324122,24
1,1.4739311883324122,0
1,1.0588936890535683,1
1,1.0588936890535683,2
1,1.0588936890535683,3
1,1.0588936890535683,4
1,1.0588936890535683,5
1,1.0588936890535683,6
1,1.0588936890535683,7
1,1.0588936890535683,8
1,1.0588936890535683,9
1,1.0588936890535683,10
1,1.0588936890535683,11
1,1.0588936890535683,12
1,1.0588936890535683,13
1,1.0588936890535683,14
1,1.0588936890535683,15
1,1.0588936890535683,16
1,1.0588936890535683,17
1,1.0588936890535683,18
1,1.0588936890535683,19
1,1.0588936890535683,20
1,1.0588936890535683,21
1,1.0588936890535683,22
1,1.0588936890535683,23
1,1.0588936890535683,24
1,0.32192809488736174,0
1,0.32192809488736174,1
1,0.32192809488736174,2
1,0.32192809488736174,3
1,0.32192809488736174,4
1,0.32192809488736174,5
1,0.32192809488736174,6
1,0.32192809488736174,7
1,0.32192809488736174,8
1,0.32192809488736174,9
1,0.32192809488736174,10
1,0.32192809488736174,11
1,0.32192809488736174,12
1,0.32192809488736174,13
1,0.32192809488736174,14
1,0.32192809488736174,15
1,0.32192809488736174,16
1,0.32192809488736174,17
1,0.32192809488736174,18
1,0.32192809488736174,19
1,0.32192809488736174,20
1,0.32192809488736174,21
1,0.32192809488736174,22
1,0.32192809488736174,23
1,0.32192809488736174,24
1,0.32192809488736174,0
1,0.32192809488736174,1
1,0.32192809488736174,2
1,0.32192809488736174,3
1,0.32192809488736174,4
1,0.32192809488736174,5
1,0.32192809488736174,6
1,0.32192809488736174,7
1,0.32192809488736174,8
1,0.32192809488736174,9
1,0.32192809488736174,10
1,0.32192809488736174,11
1,0.32192809488736174,12
1,0.32192809488736174,13
1,0.32192809488736174,14
1,0.32192809488736174,15
1,0.32192809488736174,16
1,0.32192809488736174,17
1,0.32192809488736174,18
1,0.32192809488736174,19
1,0.32192809488736174,20
1,0.32192809488736174,21
1,0.32192809488736174,22
1,0.32192809488736174,23
1,0.32192809488736174,24
1,2.6438561897747244,0
1,2.321928094887362,1
1,2.0588936890535683,2
1,2.0588936890535683,3
1,1.6438561897747244,4
1,1.4739311883324122,5
1,1.4739311883324122,6
1,1.4739311883324122,7
1,1.4739311883324122,8
1,1.4739311883324122,9
1,1.4739311883324122,10
1,1.4739311883324122,11
1,1.4739311883324122,12
1,1.4739311883324122,13
1,1.4739311883324122,14
1,1.4739311883324122,15
1,1.4739311883324122,16
1,1.4739311883324122,17
1,1.4739311883324122,18
1,1.4739311883324122,19
1,1.4739311883324122,20
1,1.4739311883324122,21
1,1.4739311883324122,22
1,1.4739311883324122,23
1,1.4739311883324122,24
1,1.184424571137427,0
1,1.0588936890535683,1
1,1.0588936890535683,2
1,1.0588936890535683,3
1,1.0588936890535683,4
1,1.0588936890535683,5
1,1.0588936890535683,6
1,1.0588936890535683,7
1,1.0588936890535683,8
1,1.0588936890535683,9
1,1.0588936890535683,10
1,1.0588936890535683,11
1,1.0588936890535683,12
1,1.0588936890535683,13
1,1.0588936890535683,14
1,1.0588936890535683,15
1,1.0588936890535683,16
1,1.0588936890535683,17
1,1.0588936890535683,18
1,1.0588936890535683,19
1,1.0588936890535683,20
1,1.0588936890535683,21
1,1.0588936890535683,22
1,1.0588936890535683,23
1,1.0588936890535683,24
1,0.7369655941662057,0
1,0.7369655941662057,1
1,0.7369655941662057,2
1,0.7369655941662057,3
1,0.7369655941662057,4
1,0.7369655941662057,5
1,0.7369655941662057,6
1,0.7369655941662057,7
1,0.7369655941662057,8
1,0.7369655941662057,9
1,0.7369655941662057,10
1,0.7369655941662057,11
1,0.7369655941662057,12
1,0.7369655941662057,13
1,0.7369655941662057,14
1,0.7369655941662057,15
1,0.7369655941662057,16
1,0.7369655941662057,17
1,0.7369655941662057,18
1,0.7369655941662057,19
1,0.7369655941662057,20
1,0.7369655941662057,21
1,0.7369655941662057,22
1,0.7369655941662057,23
1,0.7369655941662057,24
1,0.32192809488736174,0
1,0.32192809488736174,1
1,0.32192809488736174,2
1,0.32192809488736174,3
1,0.32192809488736174,4
1,0.32192809488736174,5
1,0.32192809488736174,6
1,0.32192809488736174,7
1,0.32192809488736174,8
1,0.32192809488736174,9
1,0.32192809488736174,10
1,0.32192809488736174,11
1,0.32192809488736174,12
1,0.32192809488736174,13
1,0.32192809488736174,14
1,0.32192809488736174,15
1,0.32192809488736174,16
1,0.32192809488736174,17
1,0.32192809488736174,18
1,0.32192809488736174,19
1,0.32192809488736174,20
1,0.32192809488736174,21
1,0.32192809488736174,22
1,0.32192809488736174,23
1,0.32192809488736174,24
1,1.3219280948873622,0
1,1.0588936890535683,1
1,1.0588936890535683,2
1,1.0588936890535683,3
1,1.0588936890535683,4
1,1.0588936890535683,5
1,1.0588936890535683,6
1,1.0588936890535683,7
1,1.0588936890535683,8
1,1.0588936890535683,9
1,1.0588936890535683,10
1,1.0588936890535683,11
1,1.0588936890535683,12
1,1.0588936890535683,13
1,1.0588936890535683,14
1,1.0588936890535683,15
1,1.0588936890535683,16
1,1.0588936890535683,17
1,1.0588936890535683,18
1,1.0588936890535683,19
1,1.0588936890535683,20
1,1.0588936890535683,21
1,1.0588936890535683,22
1,1.0588936890535683,23
1,1.0588936890535683,24
2,0.7369655941662057,0
2,0.7369655941662057,1
2,0.7369655941662057,2
2,0.7369655941662057,3
2,0.7369655941662057,4
2,0.7369655941662057,5
2,0.7369655941662057,6
2,0.7369655941662057,7
2,0.7369655941662057,8
2,0.7369655941662057,9
2,0.7369655941662057,10
2,0.7369655941662057,11
2,0.7369655941662057,12
2,0.7369655941662057,13
2,0.7369655941662057,14
2,0.7369655941662057,15
2,0.7369655941662057,16
2,0.7369655941662057,17
2,0.7369655941662057,18
2,0.7369655941662057,19
2,0.7369655941662057,20
2,0.7369655941662057,21
2,0.7369655941662057,22
2,0.7369655941662057,23
2,0.7369655941662057,24
2,3.6438561897747244,0
2,2.6438561897747244,1
2,2.6438561897747244,2
2,2.6438561897747244,3
2,2.6438561897747244,4
2,2.321928094887362,5
2,2.321928094887362,6
2,2.321928094887362,7
2,2.321928094887362,8
2,2.321928094887362,9
2,2.321928094887362,10
2,2.321928094887362,11
2,2.321928094887362,12
2,2.321928094887362,13
2,2.321928094887362,14
2,2.321928094887362,15
2,2.321928094887362,16
2,2.321928094887362,17
2,2.321928094887362,18
2,2.321928094887362,19
2,2.321928094887362,20
2,2.321928094887362,21
2,2.321928094887362,22
2,2.321928094887362,23
2,2.321928094887362,24
2,1.4739311883324122,0
2,1.0588936890535683,1
2,1.0588936890535683,2
2,1.0588936890535683,3
2,1.0588936890535683,4
2,1.0588936890535683,5
2,1.0588936890535683,6
2,1.0588936890535683,7
2,1.0588936890535683,8
2,1.0588936890535683,9
2,1.0588936890535683,10
2,1.0588936890535683,11
2,1.0588936890535683,12
2,1.0588936890535683,13
2,1.0588936890535683,14
2,1.0588936890535683,15
2,1.0588936890535683,16
2,1.0588936890535683,17
2,1.0588936890535683,18
2,1.0588936890535683,19
2,1.0588936890535683,20
2,1.0588936890535683,21
2,1.0588936890535683,22
2,1.0588936890535683,23
2,1.0588936890535683,24
2,1.6438561897747244,0
2,1.4739311883324122,1
2,1.4739311883324122,2
2,1.4739311883324122,3
2,1.4739311883324122,4
2,1.4739311883324122,5
2,1.4739311883324122,6
2,1.4739311883324122,7
2,1.4739311883324122,8
2,1.4739311883324122,9
2,1.4739311883324122,10
2,1.4739311883324122,11
2,1.4739311883324122,12
2,1.4739311883324122,13
2,1.4739311883324122,14
2,1.4739311883324122,15
2,1.4739311883324122,16
2,1.4739311883324122,17
2,1.4739311883324122,18
2,1.4739311883324122,19
2,1.4739311883324122,20
2,1.4739311883324122,21
2,1.4739311883324122,22
2,1.4739311883324122,23
2,1.4739311883324122,24
2,1.3219280948873622,0
2,1.0588936890535683,1
2,1.0588936890535683,2
2,1.0588936890535683,3
2,1.0588936890535683,4
2,1.0588936890535683,5
2,1.0588936890535683,6
2,1.0588936890535683,7
2,1.0588936890535683,8
2,1.0588936890535683,9
2,1.0588936890535683,10
2,1.0588936890535683,11
2,1.0588936890535683,12
2,1.0588936890535683,13
2,1.0588936890535683,14
2,1.0588936890535683,15
2,1.0588936890535683,16
2,1.0588936890535683,17
2,1.0588936890535683,18
2,1.0588936890535683,19
2,1.0588936890535683,20
2,1.0588936890535683,21
2,1.0588936890535683,22
2,1.0588936890535683,23
2,1.0588936890535683,24
2,4.643856189774724,0
2,4.643856189774724,1
2,3.6438561897747244,2
2,3.6438561897747244,3
2,3.0588936890535683,4
2,3.0588936890535683,5
2,2.6438561897747244,6
2,2.6438561897747244,7
2,2.6438561897747244,8
2,2.6438561897747244,9
2,2.6438561897747244,10
2,2.6438561897747244,11
2,2.6438561897747244,12
2,2.6438561897747244,13
2,2.6438561897747244,14
2,2.6438561897747244,15
2,2.6438561897747244,16
2,2.6438561897747244,17
2,2.6438561897747244,18
2,2.6438561897747244,19
2,2.6438561897747244,20
2,2.6438561897747244,21
2,2.6438561897747244,22
2,2.6438561897747244,23
2,2.6438561897747244,24
2,2.0588936890535683,0
2,2.0588936890535683,1
2,2.0588936890535683,2
2,2.0588936890535683,3
2,2.0588936890535683,4
2,2.0588936890535683,5
2,2.0588936890535683,6
2,2.0588936890535683,7
2,2.0588936890535683,8
2,2.0588936890535683,9
2,2.0588936890535683,10
2,2.0588936890535683,11
2,2.0588936890535683,12
2,2.0588936890535683,13
2,2.0588936890535683,14
2,2.0588936890535683,15
2,2.0588936890535683,16
2,2.0588936890535683,17
2,2.0588936890535683,18
2,2.0588936890535683,19
2,2.0588936890535683,20
2,2.0588936890535683,21
2,2.0588936890535683,22
2,2.0588936890535683,23
2,2.0588936890535683,24
2,0.0,0
2,4.643856189774724,1
2,4.643856189774724,2
2,4.643856189774724,3
2,4.643856189774724,4
2,3.6438561897747244,5
2,3.6438561897747244,6
2,3.0588936890535683,7
2,3.0588936890535683,8
2,3.0588936890535683,9
2,3.0588936890535683,10
2,3.0588936890535683,11
2,3.0588936890535683,12
2,3.0588936890535683,13
2,3.0588936890535683,14
2,3.0588936890535683,15
2,3.0588936890535683,16
2,3.0588936890535683,17
2,3.0588936890535683,18
2,3.0588936890535683,19
2,3.0588936890535683,20
2,3.0588936890535683,21
2,3.0588936890535683,22
2,3.0588936890535683,23
2,3.0588936890535683,24
2,0.6438561897747244,0
2,0.6438561897747244,1
2,0.6438561897747244,2
2,0.6438561897747244,3
2,0.6438561897747244,4
2,0.6438561897747244,5
2,0.6438561897747244,6
2,0.6438561897747244,7
2,0.6438561897747244,8
2,0.6438561897747244,9
2,0.6438561897747244,10
2,0.6438561897747244,11
2,0.6438561897747244,12
2,0.6438561897747244,13
2,0.6438561897747244,14
2,0.6438561897747244,15
2,0.6438561897747244,16
2,0.6438561897747244,17
2,0.6438561897747244,18
2,0.6438561897747244,19
2,0.6438561897747244,20
2,0.6438561897747244,21
2,0.6438561897747244,22
2,0.6438561897747244,23
2,0.6438561897747244,24
2,2.6438561897747244,0
2,2.321928094887362,1
2,2.0588936890535683,2
2,2.0588936890535683,3
2,1.6438561897747244,4
2,1.4739311883324122,5
2,1.4739311883324122,6
2,1.4739311883324122,7
2,1.4739311883324122,8
2,1.4739311883324122,9
2,1.4739311883324122,10
2,1.4739311883324122,11
2,1.4739311883324122,12
2,1.4739311883324122,13
2,1.4739311883324122,14
2,1.4739311883324122,15
2,1.4739311883324122,16
2,1.4739311883324122,17
2,1.4739311883324122,18
2,1.4739311883324122,19
2,1.4739311883324122,20
2,1.4739311883324122,21
2,1.4739311883324122,22
2,1.4739311883324122,23
2,1.4739311883324122,24
3,2.6438561897747244,0
3,2.0588936890535683,1
3,2.0588936890535683,2
3,2.0588936890535683,3
3,2.0588936890535683,4
3,2.0588936890535683,5
3,2.0588936890535683,6
3,2.0588936890535683,7
3,2.0588936890535683,8
3,2.0588936890535683,9
3,2.0588936890535683,10
3,2.0588936890535683,11
3,2.0588936890535683,12
3,2.0588936890535683,13
3,2.0588936890535683,14
3,2.0588936890535683,15
3,2.0588936890535683,16
3,2.0588936890535683,17
3,2.0588936890535683,18
3,2.0588936890535683,19
3,2.0588936890535683,20
3,2.0588936890535683,21
3,2.0588936890535683,22
3,2.0588936890535683,23
3,2.0588936890535683,24
3,3.6438561897747244,0
3,2.6438561897747244,1
3,2.6438561897747244,2
3,2.6438561897747244,3
3,2.6438561897747244,4
3,2.321928094887362,5
3,2.321928094887362,6
3,2.321928094887362,7
3,2.321928094887362,8
3,2.321928094887362,9
3,2.321928094887362,10
3,2.321928094887362,11
3,2.321928094887362,12
3,2.321928094887362,13
3,2.321928094887362,14
3,2.321928094887362,15
3,2.321928094887362,16
3,2.321928094887362,17
3,2.321928094887362,18
3,2.321928094887362,19
3,2.321928094887362,20
3,2.321928094887362,21
3,2.321928094887362,22
3,2.321928094887362,23
3,2.321928094887362,24
3,1.4739311883324122,0
3,1.0588936890535683,1
3,1.0588936890535683,2
3,1.0588936890535683,3
3,1.0588936890535683,4
3,1.0588936890535683,5
3,1.0588936890535683,6
3,1.0588936890535683,7
3,1.0588936890535683,8
3,1.0588936890535683,9
3,1.0588936890535683,10
3,1.0588936890535683,11
3,1.0588936890535683,12
3,1.0588936890535683,13
3,1.0588936890535683,14
3,1.0588936890535683,15
3,1.0588936890535683,16
3,1.0588936890535683,17
3,1.0588936890535683,18
3,1.0588936890535683,19
3,1.0588936890535683,20
3,1.0588936890535683,21
3,1.0588936890535683,22
3,1.0588936890535683,23
3,1.0588936890535683,24
3,1.6438561897747244,0
3,1.4739311883324122,1
3,1.4739311883324122,2
3,1.4739311883324122,3
3,1.4739311883324122,4
3,1.4739311883324122,5
3,1.4739311883324122,6
3,1.4739311883324122,7
3,1.4739311883324122,8
3,1.4739311883324122,9
3,1.4739311883324122,10
3,1.4739311883324122,11
3,1.4739311883324122,12
3,1.4739311883324122,13
3,1.4739311883324122,14
3,1.4739311883324122,15
3,1.4739311883324122,16
3,1.4739311883324122,17
3,1.4739311883324122,18
3,1.4739311883324122,19
3,1.4739311883324122,20
3,1.4739311883324122,21
3,1.4739311883324122,22
3,1.4739311883324122,23
3,1.4739311883324122,24
3,2.321928094887362,0
3,1.6438561897747244,1
3,1.6438561897747244,2
3,1.6438561897747244,3
3,1.6438561897747244,4
3,1.6438561897747244,5
3,1.6438561897747244,6
3,1.4739311883324122,7
3,1.4739311883324122,8
3,1.4739311883324122,9
3,1.4739311883324122,10
3,1.4739311883324122,11
3,1.4739311883324122,12
3,1.4739311883324122,13
3,1.4739311883324122,14
3,1.4739311883324122,15
3,1.4739311883324122,16
3,1.4739311883324122,17
3,1.4739311883324122,18
3,1.4739311883324122,19
3,1.4739311883324122,20
3,1.4739311883324122,21
3,1.4739311883324122,22
3,1.4739311883324122,23
3,1.4739311883324122,24
3,0.0,0
3,0.0,1
3,0.0,2
3,0.0,3
3,0.0,4
3,0.0,5
3,0.0,6
3,0.0,7
3,0.0,8
3,0.0,9
3,0.0,10
3,0.0,11
3,0.0,12
3,0.0,13
3,0.0,14
3,0.0,15
3,0.0,16
3,0.0,17
3,0.0,18
3,0.0,19
3,0.0,20
3,0.0,21
3,0.0,22
3,0.0,23
3,0.0,24
3,3.0588936890535683,0
3,2.6438561897747244,1
3,2.6438561897747244,2
3,2.6438561897747244,3
3,2.6438561897747244,4
3,2.6438561897747244,5
3,2.6438561897747244,6
3,2.6438561897747244,7
3,2.6438561897747244,8
3,2.6438561897747244,9
3,2.6438561897747244,10
3,2.6438561897747244,11
3,2.6438561897747244,12
3,2.6438561897747244,13
3,2.6438561897747244,14
3,2.6438561897747244,15
3,2.6438561897747244,16
3,2.6438561897747244,17
3,2.6438561897747244,18
3,2.6438561897747244,19
3,2.6438561897747244,20
3,2.6438561897747244,21
3,2.6438561897747244,22
3,2.6438561897747244,23
3,2.6438561897747244,24
3,0.0,0
3,4.643856189774724,1
3,4.643856189774724,2
3,4.643856189774724,3
3,4.643856189774724,4
3,3.6438561897747244,5
3,3.6438561897747244,6
3,3.0588936890535683,7
3,3.0588936890535683,8
3,3.0588936890535683,9
3,3.0588936890535683,10
3,3.0588936890535683,11
3,3.0588936890535683,12
3,3.0588936890535683,13
3,3.0588936890535683,14
3,3.0588936890535683,15
3,3.0588936890535683,16
3,3.0588936890535683,17
3,3.0588936890535683,18
3,3.0588936890535683,19
3,3.0588936890535683,20
3,3.0588936890535683,21
3,3.0588936890535683,22
3,3.0588936890535683,23
3,3.0588936890535683,24
3,1.0588936890535683,0
3,1.0588936890535683,1
3,1.0588936890535683,2
3,1.0588936890535683,3
3,1.0588936890535683,4
3,1.0588936890535683,5
3,1.0588936890535683,6
3,1.0588936890535683,7
3,1.0588936890535683,8
3,1.0588936890535683,9
3,1.0588936890535683,10
3,1.0588936890535683,11
3,1.0588936890535683,12
3,1.0588936890535683,13
3,1.0588936890535683,14
3,1.0588936890535683,15
3,1.0588936890535683,16
3,1.0588936890535683,17
3,1.0588936890535683,18
3,1.0588936890535683,19
3,1.0588936890535683,20
3,1.0588936890535683,21
3,1.0588936890535683,22
3,1.0588936890535683,23
3,1.0588936890535683,24
3,2.6438561897747244,0
3,2.321928094887362,1
3,2.0588936890535683,2
3,2.0588936890535683,3
3,1.6438561897747244,4
3,1.4739311883324122,5
3,1.4739311883324122,6
3,1.4739311883324122,7
3,1.4739311883324122,8
3,1.4739311883324122,9
3,1.4739311883324122,10
3,1.4739311883324122,11
3,1.4739311883324122,12
3,1.4739311883324122,13
3,1.4739311883324122,14
3,1.4739311883324122,15
3,1.4739311883324122,16
3,1.4739311883324122,17
3,1.4739311883324122,18
3,1.4739311883324122,19
3,1.4739311883324122,20
3,1.4739311883324122,21
3,1.4739311883324122,22
3,1.4739311883324122,23
3,1.4739311883324122,24
4,2.6438561897747244,0
4,2.0588936890535683,1
4,2.0588936890535683,2
4,2.0588936890535683,3
4,2.0588936890535683,4
4,2.0588936890535683,5
4,2.0588936890535683,6
4,2.0588936890535683,7
4,2.0588936890535683,8
4,2.0588936890535683,9
4,2.0588936890535683,10
4,2.0588936890535683,11
4,2.0588936890535683,12
4,2.0588936890535683,13
4,2.0588936890535683,14
4,2.0588936890535683,15
4,2.0588936890535683,16
4,2.0588936890535683,17
4,2.0588936890535683,18
4,2.0588936890535683,19
4,2.0588936890535683,20
4,2.0588936890535683,21
4,2.0588936890535683,22
4,2.0588936890535683,23
4,2.0588936890535683,24
4,3.6438561897747244,0
4,2.6438561897747244,1
4,2.6438561897747244,2
4,2.6438561897747244,3
4,2.6438561897747244,4
4,2.321928094887362,5
4,2.321928094887362,6
4,2.321928094887362,7
4,2.321928094887362,8
4,2.321928094887362,9
4,2.321928094887362,10
4,2.321928094887362,11
4,2.321928094887362,12
4,2.321928094887362,13
4,2.321928094887362,14
4,2.321928094887362,15
4,2.321928094887362,16
4,2.321928094887362,17
4,2.321928094887362,18
4,2.321928094887362,19
4,2.321928094887362,20
4,2.321928094887362,21
4,2.321928094887362,22
4,2.321928094887362,23
4,2.321928094887362,24
4,1.8365012677171202,0
4,1.6438561897747244,1
4,1.6438561897747244,2
4,1.4739311883324122,3
4,1.4739311883324122,4
4,1.4739311883324122,5
4,1.4739311883324122,6
4,1.4739311883324122,7
4,1.4739311883324122,8
4,1.4739311883324122,9
4,1.4739311883324122,10
4,1.4739311883324122,11
4,1.4739311883324122,12
4,1.4739311883324122,13
4,1.4739311883324122,14
4,1.4739311883324122,15
4,1.4739311883324122,16
4,1.4739311883324122,17
4,1.4739311883324122,18
4,1.4739311883324122,19
4,1.4739311883324122,20
4,1.4739311883324122,21
4,1.4739311883324122,22
4,1.4739311883324122,23
4,1.4739311883324122,24
4,3.6438561897747244,0
4,2.6438561897747244,1
4,2.6438561897747244,2
4,2.6438561897747244,3
4,2.6438561897747244,4
4,2.321928094887362,5
4,2.321928094887362,6
4,2.321928094887362,7
4,2.321928094887362,8
4,2.321928094887362,9
4,2.321928094887362,10
4,2.321928094887362,11
4,2.321928094887362,12
4,2.321928094887362,13
4,2.321928094887362,14
4,2.321928094887362,15
4,2.321928094887362,16
4,2.321928094887362,17
4,2.321928094887362,18
4,2.321928094887362,19
4,2.321928094887362,20
4,2.321928094887362,21
4,2.321928094887362,22
4,2.321928094887362,23
4,2.321928094887362,24
4,4.643856189774724,0
4,3.6438561897747244,1
4,3.6438561897747244,2
4,3.6438561897747244,3
4,3.6438561897747244,4
4,3.6438561897747244,5
4,3.6438561897747244,6
4,3.6438561897747244,7
4,3.6438561897747244,8
4,3.6438561897747244,9
4,3.6438561897747244,10
4,3.6438561897747244,11
4,3.6438561897747244,12
4,3.6438561897747244,13
4,3.6438561897747244,14
4,3.6438561897747244,15
4,3.6438561897747244,16
4,3.6438561897747244,17
4,3.6438561897747244,18
4,3.6438561897747244,19
4,3.6438561897747244,20
4,3.6438561897747244,21
4,3.6438561897747244,22
4,3.6438561897747244,23
4,3.6438561897747244,24
4,0.0,0
4,0.0,1
4,0.0,2
4,0.0,3
4,0.0,4
4,0.0,5
4,0.0,6
4,0.0,7
4,0.0,8
4,0.0,9
4,0.0,10
4,0.0,11
4,0.0,12
4,0.0,13
4,0.0,14
4,0.0,15
4,0.0,16
4,0.0,17
4,0.0,18
4,0.0,19
4,0.0,20
4,0.0,21
4,0.0,22
4,0.0,23
4,0.0,24
4,3.0588936890535683,0
4,2.6438561897747244,1
4,2.6438561897747244,2
4,2.6438561897747244,3
4,2.6438561897747244,4
4,2.6438561897747244,5
4,2.6438561897747244,6
4,2.6438561897747244,7
4,2.6438561897747244,8
4,2.6438561897747244,9
4,2.6438561897747244,10
4,2.6438561897747244,11
4,2.6438561897747244,12
4,2.6438561897747244,13
4,2.6438561897747244,14
4,2.6438561897747244,15
4,2.6438561897747244,16
4,2.6438561897747244,17
4,2.6438561897747244,18
4,2.6438561897747244,19
4,2.6438561897747244,20
4,2.6438561897747244,21
4,2.6438561897747244,22
4,2.6438561897747244,23
4,2.6438561897747244,24
4,0.0,0
4,0.0,1
4,0.0,2
4,0.0,3
4,0.0,4
4,0.0,5
4,0.0,6
4,0.0,7
4,0.0,8
4,0.0,9
4,0.0,10
4,0.0,11
4,0.0,12
4,0.0,13
4,0.0,14
4,0.0,15
4,0.0,16
4,0.0,17
4,0.0,18
4,0.0,19
4,0.0,20
4,0.0,21
4,0.0,22
4,0.0,23
4,0.0,24
4,3.6438561897747244,0
4,2.6438561897747244,1
4,2.6438561897747244,2
4,2.6438561897747244,3
4,2.6438561897747244,4
4,2.321928094887362,5
4,2.321928094887362,6
4,2.0588936890535683,7
4,2.0588936890535683,8
4,2.0588936890535683,9
4,2.0588936890535683,10
4,2.0588936890535683,11
4,2.0588936890535683,12
4,2.0588936890535683,13
4,2.0588936890535683,14
4,2.0588936890535683,15
4,2.0588936890535683,16
4,2.0588936890535683,17
4,2.0588936890535683,18
4,2.0588936890535683,19
4,2.0588936890535683,20
4,2.0588936890535683,21
4,2.0588936890535683,22
4,2.0588936890535683,23
4,2.0588936890535683,24
4,4.643856189774724,0
4,4.643856189774724,1
4,3.6438561897747244,2
4,3.6438561897747244,3
4,3.0588936890535683,4
4,3.0588936890535683,5
4,2.6438561897747244,6
4,2.6438561897747244,7
4,2.6438561897747244,8
4,2.6438561897747244,9
4,2.6438561897747244,10
4,2.6438561897747244,11
4,2.6438561897747244,12
4,2.6438561897747244,13
4,2.6438561897747244,14
4,2.6438561897747244,15
4,2.6438561897747244,16
4,2.6438561897747244,17
4,2.6438561897747244,18
4,2.6438561897747244,19
4,2.6438561897747244,20
4,2.6438561897747244,21
4,2.6438561897747244,22
4,2.6438561897747244,23
4,2.6438561897747244,24
5,3.0588936890535683,0
5,2.6438561897747244,1
5,2.6438561897747244,2
5,2.6438561897747244,3
5,2.6438561897747244,4
5,2.6438561897747244,5
5,2.6438561897747244,6
5,2.6438561897747244,7
5,2.6438561897747244,8
5,2.6438561897747244,9
5,2.6438561897747244,10
5,2.6438561897747244,11
5,2.6438561897747244,12
5,2.6438561897747244,13
5,2.6438561897747244,14
5,2.6438561897747244,15
5,2.6438561897747244,16
5,2.6438561897747244,17
5,2.6438561897747244,18
5,2.6438561897747244,19
5,2.6438561897747244,20
5,2.6438561897747244,21
5,2.6438561897747244,22
5,2.6438561897747244,23
5,2.6438561897747244,24
5,3.6438561897747244,0
5,2.6438561897747244,1
5,2.6438561897747244,2
5,2.6438561897747244,3
5,2.6438561897747244,4
5,2.321928094887362,5
5,2.321928094887362,6
5,2.321928094887362,7
5,2.321928094887362,8
5,2.321928094887362,9
5,2.321928094887362,10
5,2.321928094887362,11
5,2.321928094887362,12
5,2.321928094887362,13
5,2.321928094887362,14
5,2.321928094887362,15
5,2.321928094887362,16
5,2.321928094887362,17
5,2.321928094887362,18
5,2.321928094887362,19
5,2.321928094887362,20
5,2.321928094887362,21
5,2.321928094887362,22
5,2.321928094887362,23
5,2.321928094887362,24
5,4.643856189774724,0
5,4.643856189774724,1
5,4.643856189774724,2
5,4.643856189774724,3
5,4.643856189774724,4
5,4.643856189774724,5
5,4.643856189774724,6
5,4.643856189774724,7
5,4.643856189774724,8
5,4.643856189774724,9
5,4.643856189774724,10
5,4.643856189774724,11
5,4.643856189774724,12
5,4.643856189774724,13
5,4.643856189774724,14
5,4.643856189774724,15
5,4.643856189774724,16
5,4.643856189774724,17
5,4.643856189774724,18
5,4.643856189774724,19
5,4.643856189774724,20
5,4.643856189774724,21
5,4.643856189774724,22
5,4.643856189774724,23
5,4.643856189774724,24
5,4.643856189774724,0
5,3.6438561897747244,1
5,3.6438561897747244,2
5,3.6438561897747244,3
5,3.6438561897747244,4
5,3.0588936890535683,5
5,3.0588936890535683,6
5,3.0588936890535683,7
5,3.0588936890535683,8
5,3.0588936890535683,9
5,3.0588936890535683,10
5,3.0588936890535683,11
5,3.0588936890535683,12
5,3.0588936890535683,13
5,3.0588936890535683,14
5,3.0588936890535683,15
5,3.0588936890535683,16
5,3.0588936890535683,17
5,3.0588936890535683,18
5,3.0588936890535683,19
5,3.0588936890535683,20
5,3.0588936890535683,21
5,3.0588936890535683,22
5,3.0588936890535683,23
5,3.0588936890535683,24
5,4.643856189774724,0
5,3.6438561897747244,1
5,3.6438561897747244,2
5,3.6438561897747244,3
5,3.6438561897747244,4
5,3.6438561897747244,5
5,3.6438561897747244,6
5,3.6438561897747244,7
5,3.6438561897747244,8
5,3.6438561897747244,9
5,3.6438561897747244,10
5,3.6438561897747244,11
5,3.6438561897747244,12
5,3.6438561897747244,13
5,3.6438561897747244,14
5,3.6438561897747244,15
5,3.6438561897747244,16
5,3.6438561897747244,17
5,3.6438561897747244,18
5,3.6438561897747244,19
5,3.6438561897747244,20
5,3.6438561897747244,21
5,3.6438561897747244,22
5,3.6438561897747244,23
5,3.6438561897747244,24
5,0.0,0
5,0.0,1
5,0.0,2
5,0.0,3
5,0.0,4
5,0.0,5
5,0.0,6
5,0.0,7
5,0.0,8
5,0.0,9
5,0.0,10
5,0.0,11
5,0.0,12
5,0.0,13
5,0.0,14
5,0.0,15
5,0.0,16
5,0.0,17
5,0.0,18
5,0.0,19
5,0.0,20
5,0.0,21
5,0.0,22
5,0.0,23
5,0.0,24
5,3.6438561897747244,0
5,3.6438561897747244,1
5,3.0588936890535683,2
5,3.0588936890535683,3
5,3.0588936890535683,4
5,3.0588936890535683,5
5,3.0588936890535683,6
5,2.6438561897747244,7
5,2.6438561897747244,8
5,2.6438561897747244,9
5,2.6438561897747244,10
5,2.6438561897747244,11
5,2.6438561897747244,12
5,2.6438561897747244,13
5,2.6438561897747244,14
5,2.6438561897747244,15
5,2.6438561897747244,16
5,2.6438561897747244,17
5,2.6438561897747244,18
5,2.6438561897747244,19
5,2.6438561897747244,20
5,2.6438561897747244,21
5,2.6438561897747244,22
5,2.6438561897747244,23
5,2.6438561897747244,24
5,0.0,0
5,0.0,1
5,0.0,2
5,0.0,3
5,0.0,4
5,0.0,5
5,0.0,6
5,0.0,7
5,0.0,8
5,0.0,9
5,0.0,10
5,0.0,11
5,0.0,12
5,0.0,13
5,0.0,14
5,0.0,15
5,0.0,16
5,0.0,17
5,0.0,18
5,0.0,19
5,0.0,20
5,0.0,21
5,0.0,22
5,0.0,23
5,0.0,24
5,3.6438561897747244,0
5,2.6438561897747244,1
5,2.6438561897747244,2
5,2.6438561897747244,3
5,2.6438561897747244,4
5,2.321928094887362,5
5,2.321928094887362,6
5,2.0588936890535683,7
5,2.0588936890535683,8
5,2.0588936890535683,9
5,2.0588936890535683,10
5,2.0588936890535683,11
5,2.0588936890535683,12
5,2.0588936890535683,13
5,2.0588936890535683,14
5,2.0588936890535683,15
5,2.0588936890535683,16
5,2.0588936890535683,17
5,2.0588936890535683,18
5,2.0588936890535683,19
5,2.0588936890535683,20
5,2.0588936890535683,21
5,2.0588936890535683,22
5,2.0588936890535683,23
5,2.0588936890535683,24
5,0.0,0
5,0.0,1
5,0.0,2
5,0.0,3
5,0.0,4
5,0.0,5
5,0.0,6
5,0.0,7
5,0.0,8
5,0.0,9
5,0.0,10
5,0.0,11
5,0.0,12
5,0.0,13
5,0.0,14
5,0.0,15
5,0.0,16
5,0.0,17
5,0.0,18
5,0.0,19
5,0.0,20
5,0.0,21
5,0.0,22
5,0.0,23
5,0.0,24
6,3.6438561897747244,0
6,3.0588936890535683,1
6,3.0588936890535683,2
6,3.0588936890535683,3
6,3.0588936890535683,4
6,3.0588936890535683,5
6,3.0588936890535683,6
6,2.6438561897747244,7
6,2.6438561897747244,8
6,2.6438561897747244,9
6,2.6438561897747244,10
6,2.6438561897747244,11
6,2.6438561897747244,12
6,2.6438561897747244,13
6,2.6438561897747244,14
6,2.6438561897747244,15
6,2.6438561897747244,16
6,2.6438561897747244,17
6,2.6438561897747244,18
6,2.6438561897747244,19
6,2.6438561897747244,20
6,2.6438561897747244,21
6,2.6438561897747244,22
6,2.6438561897747244,23
6,2.6438561897747244,24
6,4.643856189774724,0
6,3.6438561897747244,1
6,3.6438561897747244,2
6,3.6438561897747244,3
6,3.6438561897747244,4
6,3.0588936890535683,5
6,3.0588936890535683,6
6,3.0588936890535683,7
6,3.0588936890535683,8
6,3.0588936890535683,9
6,3.0588936890535683,10
6,3.0588936890535683,11
6,3.0588936890535683,12
6,3.0588936890535683,13
6,3.0588936890535683,14
6,3.0588936890535683,15
6,3.0588936890535683,16
6,3.0588936890535683,17
6,3.0588936890535683,18
6,3.0588936890535683,19
6,3.0588936890535683,20
6,3.0588936890535683,21
6,3.0588936890535683,22
6,3.0588936890535683,23
6,3.0588936890535683,24
6,0.0,0
6,0.0,1
6,0.0,2
6,0.0,3
6,0.0,4
6,0.0,5
6,0.0,6
6,0.0,7
6,0.0,8
6,0.0,9
6,0.0,10
6,0.0,11
6,0.0,12
6,0.0,13
6,0.0,14
6,0.0,15
6,0.0,16
6,0.0,17
6,0.0,18
6,0.0,19
6,0.0,20
6,0.0,21
6,0.0,22
6,0.0,23
6,0.0,24
6,4.643856189774724,0
6,3.6438561897747244,1
6,3.6438561897747244,2
6,3.6438561897747244,3
6,3.6438561897747244,4
6,3.0588936890535683,5
6,3.0588936890535683,6
6,3.0588936890535683,7
6,3.0588936890535683,8
6,3.0588936890535683,9
6,3.0588936890535683,10
6,3.0588936890535683,11
6,3.0588936890535683,12
6,3.0588936890535683,13
6,3.0588936890535683,14
6,3.0588936890535683,15
6,3.0588936890535683,16
6,3.0588936890535683,17
6,3.0588936890535683,18
6,3.0588936890535683,19
6,3.0588936890535683,20
6,3.0588936890535683,21
6,3.0588936890535683,22
6,3.0588936890535683,23
6,3.0588936890535683,24
6,4.643856189774724,0
6,3.6438561897747244,1
6,3.6438561897747244,2
6,3.6438561897747244,3
6,3.6438561897747244,4
6,3.0588936890535683,5
6,3.0588936890535683,6
6,3.0588936890535683,7
6,3.0588936890535683,8
6,3.0588936890535683,9
6,3.0588936890535683,10
6,2.6438561897747244,11
6,2.6438561897747244,12
6,2.6438561897747244,13
6,2.6438561897747244,14
6,2.6438561897747244,15
6,2.6438561897747244,16
6,2.6438561897747244,17
6,2.6438561897747244,18
6,2.6438561897747244,19
6,2.6438561897747244,20
6,2.6438561897747244,21
6,2.6438561897747244,22
6,2.6438561897747244,23
6,2.6438561897747244,24
6,0.0,0
6,4.643856189774724,1
6,4.643856189774724,2
6,4.643856189774724,3
6,4.643856189774724,4
6,4.643856189774724,5
6,4.643856189774724,6
6,4.643856189774724,7
6,4.643856189774724,8
6,4.643856189774724,9
6,4.643856189774724,10
6,4.643856189774724,11
6,4.643856189774724,12
6,4.643856189774724,13
6,4.643856189774724,14
6,4.643856189774724,15
6,4.643856189774724,16
6,4.643856189774724,17
6,4.643856189774724,18
6,4.643856189774724,19
6,4.643856189774724,20
6,4.643856189774724,21
6,4.643856189774724,22
6,4.643856189774724,23
6,4.643856189774724,24
6,4.643856189774724,0
6,4.643856189774724,1
6,4.643856189774724,2
6,4.643856189774724,3
6,3.6438561897747244,4
6,3.6438561897747244,5
6,3.6438561897747244,6
6,3.6438561897747244,7
6,3.6438561897747244,8
6,3.6438561897747244,9
6,3.6438561897747244,10
6,3.6438561897747244,11
6,3.6438561897747244,12
6,3.6438561897747244,13
6,3.6438561897747244,14
6,3.6438561897747244,15
6,3.6438561897747244,16
6,3.6438561897747244,17
6,3.6438561897747244,18
6,3.6438561897747244,19
6,3.6438561897747244,20
6,3.6438561897747244,21
6,3.6438561897747244,22
6,3.6438561897747244,23
6,3.6438561897747244,24
6,0.0,0
6,0.0,1
6,0.0,2
6,0.0,3
6,0.0,4
6,0.0,5
6,0.0,6
6,0.0,7
6,0.0,8
6,0.0,9
6,0.0,10
6,0.0,11
6,0.0,12
6,0.0,13
6,0.0,14
6,0.0,15
6,0.0,16
6,0.0,17
6,0.0,18
6,0.0,19
6,0.0,20
6,0.0,21
6,0.0,22
6,0.0,23
6,0.0,24
6,0.0,0
6,3.6438561897747244,1
6,3.6438561897747244,2
6,3.6438561897747244,3
6,3.0588936890535683,4
6,3.0588936890535683,5
6,3.0588936890535683,6
6,2.6438561897747244,7
6,2.6438561897747244,8
6,2.6438561897747244,9
6,2.321928094887362,10
6,2.321928094887362,11
6,2.321928094887362,12
6,2.321928094887362,13
6,2.321928094887362,14
6,2.321928094887362,15
6,2.321928094887362,16
6,2.321928094887362,17
6,2.321928094887362,18
6,2.321928094887362,19
6,2.321928094887362,20
6,2.0588936890535683,21
6,2.0588936890535683,22
6,2.0588936890535683,23
6,2.0588936890535683,24
6,0.0,0
6,0.0,1
6,0.0,2
6,0.0,3
6,0.0,4
6,0.0,5
6,0.0,6
6,0.0,7
6,0.0,8
6,0.0,9
6,0.0,10
6,0.0,11
6,0.0,12
6,0.0,13
6,0.0,14
6,0.0,15
6,0.0,16
6,0.0,17
6,0.0,18
6,0.0,19
6,0.0,20
6,0.0,21
6,0.0,22
6,0.0,23
6,0.0,24
7,4.643856189774724,0
7,4.643856189774724,1
7,4.643856189774724,2
7,4.643856189774724,3
7,4.643856189774724,4
7,4.643856189774724,5
7,4.643856189774724,6
7,3.6438561897747244,7
7,3.6438561897747244,8
7,3.6438561897747244,9
7,3.6438561897747244,10
7,3.6438561897747244,11
7,3.6438561897747244,12
7,3.6438561897747244,13
7,3.6438561897747244,14
7,3.6438561897747244,15
7,3.6438561897747244,16
7,3.6438561897747244,17
7,3.6438561897747244,18
7,3.6438561897747244,19
7,3.6438561897747244,20
7,3.6438561897747244,21
7,3.6438561897747244,22
7,3.6438561897747244,23
7,3.6438561897747244,24
7,0.0,0
7,0.0,1
7,0.0,2
7,0.0,3
7,0.0,4
7,4.643856189774724,5
7,4.643856189774724,6
7,4.643856189774724,7
7,4.643856189774724,8
7,4.643856189774724,9
7,4.643856189774724,10
7,4.643856189774724,11
7,4.643856189774724,12
7,4.643856189774724,13
7,4.643856189774724,14
7,4.643856189774724,15
7,4.643856189774724,16
7,4.643856189774724,17
7,4.643856189774724,18
7,4.643856189774724,19
7,4.643856189774724,20
7,4.643856189774724,21
7,4.643856189774724,22
7,4.643856189774724,23
7,4.643856189774724,24
7,0.0,0
7,0.0,1
7,0.0,2
7,0.0,3
7,0.0,4
7,0.0,5
7,0.0,6
7,0.0,7
7,0.0,8
7,0.0,9
7,0.0,10
7,0.0,11
7,0.0,12
7,0.0,13
7,0.0,14
7,0.0,15
7,0.0,16
7,0.0,17
7,0.0,18
7,0.0,19
7,0.0,20
7,0.0,21
7,0.0,22
7,0.0,23
7,0.0,24
7,4.643856189774724,0
7,3.6438561897747244,1
7,3.6438561897747244,2
7,3.6438561897747244,3
7,3.6438561897747244,4
7,3.0588936890535683,5
7,3.0588936890535683,6
7,3.0588936890535683,7
7,3.0588936890535683,8
7,3.0588936890535683,9
7,3.0588936890535683,10
7,3.0588936890535683,11
7,3.0588936890535683,12
7,3.0588936890535683,13
7,3.0588936890535683,14
7,3.0588936890535683,15
7,3.0588936890535683,16
7,3.0588936890535683,17
7,3.0588936890535683,18
7,3.0588936890535683,19
7,3.0588936890535683,20
7,3.0588936890535683,21
7,3.0588936890535683,22
7,3.0588936890535683,23
7,3.0588936890535683,24
7,4.643856189774724,0
7,3.6438561897747244,1
7,3.6438561897747244,2
7,3.6438561897747244,3
7,3.6438561897747244,4
7,3.0588936890535683,5
7,3.0588936890535683,6
7,3.0588936890535683,7
7,3.0588936890535683,8
7,3.0588936890535683,9
7,3.0588936890535683,10
7,2.6438561897747244,11
7,2.6438561897747244,12
7,2.6438561897747244,13
7,2.6438561897747244,14
7,2.6438561897747244,15
7,2.6438561897747244,16
7,2.6438561897747244,17
7,2.6438561897747244,18
7,2.6438561897747244,19
7,2.6438561897747244,20
7,2.6438561897747244,21
7,2.6438561897747244,22
7,2.6438561897747244,23
7,2.6438561897747244,24
7,0.0,0
7,4.643856189774724,1
7,4.643856189774724,2
7,4.643856189774724,3
7,4.643856189774724,4
7,4.643856189774724,5
7,4.643856189774724,6
7,4.643856189774724,7
7,4.643856189774724,8
7,4.643856189774724,9
7,4.643856189774724,10
7,4.643856189774724,11
7,4.643856189774724,12
7,4.643856189774724,13
7,4.643856189774724,14
7,4.643856189774724,15
7,4.643856189774724,16
7,4.643856189774724,17
7,4.643856189774724,18
7,4.643856189774724,19
7,4.643856189774724,20
7,4.643856189774724,21
7,4.643856189774724,22
7,4.643856189774724,23
7,4.643856189774724,24
7,0.0,0
7,0.0,1
7,0.0,2
7,0.0,3
7,0.0,4
7,0.0,5
7,0.0,6
7,0.0,7
7,0.0,8
7,0.0,9
7,0.0,10
7,4.643856189774724,11
7,4.643856189774724,12
7,4.643856189774724,13
7,4.643856189774724,14
7,4.643856189774724,15
7,4.643856189774724,16
7,4.643856189774724,17
7,4.643856189774724,18
7,4.643856189774724,19
7,4.643856189774724,20
7,4.643856189774724,21
7,4.643856189774724,22
7,4.643856189774724,23
7,4.643856189774724,24
7,0.0,0
7,0.0,1
7,0.0,2
7,0.0,3
7,0.0,4
7,0.0,5
7,0.0,6
7,0.0,7
7,0.0,8
7,0.0,9
7,0.0,10
7,0.0,11
7,0.0,12
7,0.0,13
7,0.0,14
7,0.0,15
7,0.0,16
7,0.0,17
7,0.0,18
7,0.0,19
7,0.0,20
7,0.0,21
7,0.0,22
7,0.0,23
7,0.0,24
7,0.0,0
7,3.6438561897747244,1
7,3.6438561897747244,2
7,3.6438561897747244,3
7,3.0588936890535683,4
7,3.0588936890535683,5
7,3.0588936890535683,6
7,2.6438561897747244,7
7,2.6438561897747244,8
7,2.6438561897747244,9
7,2.321928094887362,10
7,2.321928094887362,11
7,2.321928094887362,12
7,2.321928094887362,13
7,2.321928094887362,14
7,2.321928094887362,15
7,2.321928094887362,16
7,2.321928094887362,17
7,2.321928094887362,18
7,2.321928094887362,19
7,2.321928094887362,20
7,2.0588936890535683,21
7,2.0588936890535683,22
7,2.0588936890535683,23
7,2.0588936890535683,24
7,0.0,0
7,0.0,1
7,0.0,2
7,0.0,3
7,0.0,4
7,0.0,5
7,0.0,6
7,0.0,7
7,0.0,8
7,0.0,9
7,0.0,10
7,0.0,11
7,0.0,12
7,0.0,13
7,0.0,14
7,0.0,15
7,0.0,16
7,0.0,17
7,0.0,18
7,0.0,19
7,0.0,20
7,0.0,21
7,0.0,22
7,0.0,23
7,0.0,24
8,0.0,0
8,0.0,1
8,0.0,2
8,0.0,3
8,0.0,4
8,0.0,5
8,0.0,6
8,4.643856189774724,7
8,4.643856189774724,8
8,4.643856189774724,9
8,4.643856189774724,10
8,4.643856189774724,11
8,4.643856189774724,12
8,4.643856189774724,13
8,4.643856189774724,14
8,4.643856189774724,15
8,4.643856189774724,16
8,4.643856189774724,17
8,4.643856189774724,18
8,4.643856189774724,19
8,4.643856189774724,20
8,4.643856189774724,21
8,4.643856189774724,22
8,4.643856189774724,23
8,4.643856189774724,24
8,0.0,0
8,0.0,1
8,0.0,2
8,0.0,3
8,0.0,4
8,0.0,5
8,0.0,6
8,0.0,7
8,0.0,8
8,0.0,9
8,0.0,10
8,0.0,11
8,0.0,12
8,0.0,13
8,0.0,14
8,0.0,15
8,0.0,16
8,0.0,17
8,0.0,18
8,0.0,19
8,0.0,20
8,0.0,21
8,0.0,22
8,0.0,23
8,0.0,24
8,0.0,0
8,0.0,1
8,0.0,2
8,0.0,3
8,0.0,4
8,0.0,5
8,0.0,6
8,0.0,7
8,0.0,8
8,0.0,9
8,0.0,10
8,0.0,11
8,0.0,12
8,0.0,13
8,0.0,14
8,0.0,15
8,0.0,16
8,0.0,17
8,0.0,18
8,0.0,19
8,0.0,20
8,0.0,21
8,0.0,22
8,0.0,23
8,0.0,24
8,0.0,0
8,0.0,1
8,0.0,2
8,0.0,3
8,0.0,4
8,0.0,5
8,0.0,6
8,0.0,7
8,0.0,8
8,0.0,9
8,0.0,10
8,4.643856189774724,11
8,4.643856189774724,12
8,4.643856189774724,13
8,4.643856189774724,14
8,4.643856189774724,15
8,4.643856189774724,16
8,4.643856189774724,17
8,4.643856189774724,18
8,4.643856189774724,19
8,4.643856189774724,20
8,4.643856189774724,21
8,4.643856189774724,22
8,4.643856189774724,23
8,4.643856189774724,24
8,4.643856189774724,0
8,3.6438561897747244,1
8,3.6438561897747244,2
8,3.6438561897747244,3
8,3.6438561897747244,4
8,3.0588936890535683,5
8,3.0588936890535683,6
8,3.0588936890535683,7
8,3.0588936890535683,8
8,3.0588936890535683,9
8,3.0588936890535683,10
8,2.6438561897747244,11
8,2.6438561897747244,12
8,2.6438561897747244,13
8,2.6438561897747244,14
8,2.6438561897747244,15
8,2.6438561897747244,16
8,2.6438561897747244,17
8,2.6438561897747244,18
8,2.6438561897747244,19
8,2.6438561897747244,20
8,2.6438561897747244,21
8,2.6438561897747244,22
8,2.6438561897747244,23
8,2.6438561897747244,24
8,0.0,0
8,4.643856189774724,1
8,4.643856189774724,2
8,4.643856189774724,3
8,4.643856189774724,4
8,4.643856189774724,5
8,4.643856189774724,6
8,4.643856189774724,7
8,4.643856189774724,8
8,4.643856189774724,9
8,4.643856189774724,10
8,4.643856189774724,11
8,4.643856189774724,12
8,4.643856189774724,13
8,4.643856189774724,14
8,4.643856189774724,15
8,4.643856189774724,16
8,4.643856189774724,17
8,4.643856189774724,18
8,4.643856189774724,19
8,4.643856189774724,20
8,4.643856189774724,21
8,4.643856189774724,22
8,4.643856189774724,23
8,4.643856189774724,24
8,0.0,0
8,0.0,1
8,0.0,2
8,0.0,3
8,0.0,4
8,0.0,5
8,0.0,6
8,0.0,7
8,0.0,8
8,0.0,9
8,0.0,10
8,0.0,11
8,0.0,12
8,0.0,13
8,0.0,14
8,0.0,15
8,0.0,16
8,0.0,17
8,0.0,18
8,0.0,19
8,0.0,20
8,0.0,21
8,0.0,22
8,0.0,23
8,0.0,24
8,0.0,0
8,0.0,1
8,0.0,2
8,0.0,3
8,0.0,4
8,0.0,5
8,0.0,6
8,0.0,7
8,0.0,8
8,0.0,9
8,0.0,10
8,0.0,11
8,0.0,12
8,0.0,13
8,0.0,14
8,0.0,15
8,0.0,16
8,0.0,17
8,0.0,18
8,0.0,19
8,0.0,20
8,0.0,21
8,0.0,22
8,0.0,23
8,0.0,24
8,0.0,0
8,0.0,1
8,0.0,2
8,0.0,3
8,0.0,4
8,0.0,5
8,0.0,6
8,0.0,7
8,0.0,8
8,0.0,9
8,0.0,10
8,0.0,11
8,0.0,12
8,0.0,13
8,0.0,14
8,0.0,15
8,0.0,16
8,0.0,17
8,0.0,18
8,0.0,19
8,0.0,20
8,4.643856189774724,21
8,4.643856189774724,22
8,4.643856189774724,23
8,4.643856189774724,24
8,0.0,0
8,0.0,1
8,0.0,2
8,0.0,3
8,0.0,4
8,0.0,5
8,0.0,6
8,0.0,7
8,0.0,8
8,0.0,9
8,0.0,10
8,0.0,11
8,0.0,12
8,0.0,13
8,0.0,14
8,0.0,15
8,0.0,16
8,0.0,17
8,0.0,18
8,0.0,19
8,0.0,20
8,0.0,21
8,0.0,22
8,0.0,23
8,0.0,24
9,0.0,0
9,0.0,1
9,0.0,2
9,0.0,3
9,0.0,4
9,0.0,5
9,0.0,6
9,4.643856189774724,7
9,4.643856189774724,8
9,4.643856189774724,9
9,4.643856189774724,10
9,4.643856189774724,11
9,4.643856189774724,12
9,4.643856189774724,13
9,4.643856189774724,14
9,4.643856189774724,15
9,4.643856189774724,16
9,4.643856189774724,17
9,4.643856189774724,18
9,4.643856189774724,19
9,4.643856189774724,20
9,4.643856189774724,21
9,4.643856189774724,22
9,4.643856189774724,23
9,4.643856189774724,24
9,0.0,0
9,0.0,1
9,0.0,2
9,0.0,3
9,0.0,4
9,0.0,5
9,0.0,6
9,0.0,7
9,0.0,8
9,0.0,9
9,0.0,10
9,0.0,11
9,0.0,12
9,0.0,13
9,0.0,14
9,0.0,15
9,0.0,16
9,0.0,17
9,0.0,18
9,0.0,19
9,0.0,20
9,0.0,21
9,0.0,22
9,0.0,23
9,0.0,24
9,0.0,0
9,0.0,1
9,0.0,2
9,0.0,3
9,0.0,4
9,0.0,5
9,0.0,6
9,0.0,7
9,0.0,8
9,0.0,9
9,0.0,10
9,0.0,11
9,0.0,12
9,0.0,13
9,0.0,14
9,0.0,15
9,0.0,16
9,0.0,17
9,0.0,18
9,0.0,19
9,0.0,20
9,0.0,21
9,0.0,22
9,0.0,23
9,0.0,24
9,0.0,0
9,0.0,1
9,0.0,2
9,0.0,3
9,0.0,4
9,0.0,5
9,0.0,6
9,0.0,7
9,0.0,8
9,0.0,9
9,0.0,10
9,0.0,11
9,0.0,12
9,0.0,13
9,0.0,14
9,0.0,15
9,0.0,16
9,0.0,17
9,0.0,18
9,0.0,19
9,0.0,20
9,0.0,21
9,0.0,22
9,0.0,23
9,0.0,24
9,0.0,0
9,0.0,1
9,0.0,2
9,0.0,3
9,0.0,4
9,0.0,5
9,0.0,6
9,0.0,7
9,0.0,8
9,0.0,9
9,0.0,10
9,4.643856189774724,11
9,4.643856189774724,12
9,4.643856189774724,13
9,4.643856189774724,14
9,4.643856189774724,15
9,4.643856189774724,16
9,4.643856189774724,17
9,4.643856189774724,18
9,4.643856189774724,19
9,4.643856189774724,20
9,4.643856189774724,21
9,4.643856189774724,22
9,4.643856189774724,23
9,4.643856189774724,24
9,0.0,0
9,4.643856189774724,1
9,4.643856189774724,2
9,4.643856189774724,3
9,4.643856189774724,4
9,4.643856189774724,5
9,4.643856189774724,6
9,4.643856189774724,7
9,4.643856189774724,8
9,4.643856189774724,9
9,4.643856189774724,10
9,4.643856189774724,11
9,4.643856189774724,12
9,4.643856189774724,13
9,4.643856189774724,14
9,4.643856189774724,15
9,4.643856189774724,16
9,4.643856189774724,17
9,4.643856189774724,18
9,4.643856189774724,19
9,4.643856189774724,20
9,4.643856189774724,21
9,4.643856189774724,22
9,4.643856189774724,23
9,4.643856189774724,24
9,0.0,0
9,0.0,1
9,0.0,2
9,0.0,3
9,0.0,4
9,0.0,5
9,0.0,6
9,0.0,7
9,0.0,8
9,0.0,9
9,0.0,10
9,0.0,11
9,0.0,12
9,0.0,13
9,0.0,14
9,0.0,15
9,0.0,16
9,0.0,17
9,0.0,18
9,0.0,19
9,0.0,20
9,0.0,21
9,0.0,22
9,0.0,23
9,0.0,24
9,0.0,0
9,0.0,1
9,0.0,2
9,0.0,3
9,0.0,4
9,0.0,5
9,0.0,6
9,0.0,7
9,0.0,8
9,0.0,9
9,0.0,10
9,0.0,11
9,0.0,12
9,0.0,13
9,0.0,14
9,0.0,15
9,0.0,16
9,0.0,17
9,0.0,18
9,0.0,19
9,0.0,20
9,0.0,21
9,0.0,22
9,0.0,23
9,0.0,24
9,0.0,0
9,0.0,1
9,0.0,2
9,0.0,3
9,0.0,4
9,0.0,5
9,0.0,6
9,0.0,7
9,0.0,8
9,0.0,9
9,0.0,10
9,0.0,11
9,0.0,12
9,0.0,13
9,0.0,14
9,0.0,15
9,0.0,16
9,0.0,17
9,0.0,18
9,0.0,19
9,0.0,20
9,0.0,21
9,0.0,22
9,0.0,23
9,0.0,24
9,0.0,0
9,0.0,1
9,0.0,2
9,0.0,3
9,0.0,4
9,0.0,5
9,0.0,6
9,0.0,7
9,0.0,8
9,0.0,9
9,0.0,10
9,0.0,11
9,0.0,12
9,0.0,13
9,0.0,14
9,0.0,15
9,0.0,16
9,0.0,17
9,0.0,18
9,0.0,19
9,0.0,20
9,0.0,21
9,0.0,22
9,0.0,23
9,0.0,24
10,0.0,0
10,0.0,1
10,0.0,2
10,0.0,3
10,0.0,4
10,0.0,5
10,0.0,6
10,0.0,7
10,0.0,8
10,0.0,9
10,0.0,10
10,0.0,11
10,0.0,12
10,0.0,13
10,0.0,14
10,0.0,15
10,0.0,16
10,0.0,17
10,0.0,18
10,0.0,19
10,0.0,20
10,0.0,21
10,0.0,22
10,0.0,23
10,0.0,24
10,0.0,0
10,0.0,1
10,0.0,2
10,0.0,3
10,0.0,4
10,0.0,5
10,0.0,6
10,0.0,7
10,0.0,8
10,0.0,9
10,0.0,10
10,0.0,11
10,0.0,12
10,0.0,13
10,0.0,14
10,0.0,15
10,0.0,16
10,0.0,17
10,0.0,18
10,0.0,19
10,0.0,20
10,0.0,21
10,0.0,22
10,0.0,23
10,0.0,24
10,0.0,0
10,0.0,1
10,0.0,2
10,0.0,3
10,0.0,4
10,0.0,5
10,0.0,6
10,0.0,7
10,0.0,8
10,0.0,9
10,0.0,10
10,0.0,11
10,0.0,12
10,0.0,13
10,0.0,14
10,0.0,15
10,0.0,16
10,0.0,17
10,0.0,18
10,0.0,19
10,0.0,20
10,0.0,21
10,0.0,22
10,0.0,23
10,0.0,24
10,0.0,0
10,0.0,1
10,0.0,2
10,0.0,3
10,0.0,4
10,0.0,5
10,0.0,6
10,0.0,7
10,0.0,8
10,0.0,9
10,0.0,10
10,0.0,11
10,0.0,12
10,0.0,13
10,0.0,14
10,0.0,15
10,0.0,16
10,0.0,17
10,0.0,18
10,0.0,19
10,0.0,20
10,0.0,21
10,0.0,22
10,0.0,23
10,0.0,24
10,0.0,0
10,0.0,1
10,0.0,2
10,0.0,3
10,0.0,4
10,0.0,5
10,0.0,6
10,0.0,7
10,0.0,8
10,0.0,9
10,0.0,10
10,4.643856189774724,11
10,4.643856189774724,12
10,4.643856189774724,13
10,4.643856189774724,14
10,4.643856189774724,15
10,4.643856189774724,16
10,4.643856189774724,17
10,4.643856189774724,18
10,4.643856189774724,19
10,4.643856189774724,20
10,4.643856189774724,21
10,4.643856189774724,22
10,4.643856189774724,23
10,4.643856189774724,24
10,0.0,0
10,4.643856189774724,1
10,4.643856189774724,2
10,4.643856189774724,3
10,4.643856189774724,4
10,4.643856189774724,5
10,4.643856189774724,6
10,4.643856189774724,7
10,4.643856189774724,8
10,4.643856189774724,9
10,4.643856189774724,10
10,4.643856189774724,11
10,4.643856189774724,12
10,4.643856189774724,13
10,4.643856189774724,14
10,4.643856189774724,15
10,4.643856189774724,16
10,4.643856189774724,17
10,4.643856189774724,18
10,4.643856189774724,19
10,4.643856189774724,20
10,4.643856189774724,21
10,4.643856189774724,22
10,4.643856189774724,23
10,4.643856189774724,24
10,0.0,0
10,0.0,1
10,0.0,2
10,0.0,3
10,0.0,4
10,0.0,5
10,0.0,6
10,0.0,7
10,0.0,8
10,0.0,9
10,0.0,10
10,0.0,11
10,0.0,12
10,0.0,13
10,0.0,14
10,0.0,15
10,0.0,16
10,0.0,17
10,0.0,18
10,0.0,19
10,0.0,20
10,0.0,21
10,0.0,22
10,0.0,23
10,0.0,24
10,0.0,0
10,0.0,1
10,0.0,2
10,0.0,3
10,0.0,4
10,0.0,5
10,0.0,6
10,0.0,7
10,0.0,8
10,0.0,9
10,0.0,10
10,0.0,11
10,0.0,12
10,0.0,13
10,0.0,14
10,0.0,15
10,0.0,16
10,0.0,17
10,0.0,18
10,0.0,19
10,0.0,20
10,0.0,21
10,0.0,22
10,0.0,23
10,0.0,24
10,0.0,0
10,0.0,1
10,0.0,2
10,0.0,3
10,0.0,4
10,0.0,5
10,0.0,6
10,0.0,7
10,0.0,8
10,0.0,9
10,0.0,10
10,0.0,11
10,0.0,12
10,0.0,13
10,0.0,14
10,0.0,15
10,0.0,16
10,0.0,17
10,0.0,18
10,0.0,19
10,0.0,20
10,0.0,21
10,0.0,22
10,0.0,23
10,0.0,24
10,0.0,0
10,0.0,1
10,0.0,2
10,0.0,3
10,0.0,4
10,0.0,5
10,0.0,6
10,0.0,7
10,0.0,8
10,0.0,9
10,0.0,10
10,0.0,11
10,0.0,12
10,0.0,13
10,0.0,14
10,0.0,15
10,0.0,16
10,0.0,17
10,0.0,18
10,0.0,19
10,0.0,20
10,0.0,21
10,0.0,22
10,0.0,23
10,0.0,24
11,0.0,0
11,0.0,1
11,0.0,2
11,0.0,3
11,0.0,4
11,0.0,5
11,0.0,6
11,0.0,7
11,0.0,8
11,0.0,9
11,0.0,10
11,0.0,11
11,0.0,12
11,0.0,13
11,0.0,14
11,0.0,15
11,0.0,16
11,0.0,17
11,0.0,18
11,0.0,19
11,0.0,20
11,0.0,21
11,0.0,22
11,0.0,23
11,0.0,24
11,0.0,0
11,0.0,1
11,0.0,2
11,0.0,3
11,0.0,4
11,0.0,5
11,0.0,6
11,0.0,7
11,0.0,8
11,0.0,9
11,0.0,10
11,0.0,11
11,0.0,12
11,0.0,13
11,0.0,14
11,0.0,15
11,0.0,16
11,0.0,17
11,0.0,18
11,0.0,19
11,0.0,20
11,0.0,21
11,0.0,22
11,0.0,23
11,0.0,24
11,0.0,0
11,0.0,1
11,0.0,2
11,0.0,3
11,0.0,4
11,0.0,5
11,0.0,6
11,0.0,7
11,0.0,8
11,0.0,9
11,0.0,10
11,0.0,11
11,0.0,12
11,0.0,13
11,0.0,14
11,0.0,15
11,0.0,16
11,0.0,17
11,0.0,18
11,0.0,19
11,0.0,20
11,0.0,21
11,0.0,22
11,0.0,23
11,0.0,24
11,0.0,0
11,0.0,1
11,0.0,2
11,0.0,3
11,0.0,4
11,0.0,5
11,0.0,6
11,0.0,7
11,0.0,8
11,0.0,9
11,0.0,10
11,0.0,11
11,0.0,12
11,0.0,13
11,0.0,14
11,0.0,15
11,0.0,16
11,0.0,17
11,0.0,18
11,0.0,19
11,0.0,20
11,0.0,21
11,0.0,22
11,0.0,23
11,0.0,24
11,0.0,0
11,0.0,1
11,0.0,2
11,0.0,3
11,0.0,4
11,0.0,5
11,0.0,6
11,0.0,7
11,0.0,8
11,0.0,9
11,0.0,10
11,4.643856189774724,11
11,4.643856189774724,12
11,4.643856189774724,13
11,4.643856189774724,14
11,4.643856189774724,15
11,4.643856189774724,16
11,4.643856189774724,17
11,4.643856189774724,18
11,4.643856189774724,19
11,4.643856189774724,20
11,4.643856189774724,21
11,4.643856189774724,22
11,4.643856189774724,23
11,4.643856189774724,24
11,0.0,0
11,4.643856189774724,1
11,4.643856189774724,2
11,4.643856189774724,3
11,4.643856189774724,4
11,4.643856189774724,5
11,4.643856189774724,6
11,4.643856189774724,7
11,4.643856189774724,8
11,4.643856189774724,9
11,4.643856189774724,10
11,4.643856189774724,11
11,4.643856189774724,12
11,4.643856189774724,13
11,4.643856189774724,14
11,4.643856189774724,15
11,4.643856189774724,16
11,4.643856189774724,17
11,4.643856189774724,18
11,4.643856189774724,19
11,4.643856189774724,20
11,4.643856189774724,21
11,4.643856189774724,22
11,4.643856189774724,23
11,4.643856189774724,24
11,0.0,0
11,0.0,1
11,0.0,2
11,0.0,3
11,0.0,4
11,0.0,5
11,0.0,6
11,0.0,7
11,0.0,8
11,0.0,9
11,0.0,10
11,0.0,11
11,0.0,12
11,0.0,13
11,0.0,14
11,0.0,15
11,0.0,16
11,0.0,17
11,0.0,18
11,0.0,19
11,0.0,20
11,0.0,21
11,0.0,22
11,0.0,23
11,0.0,24
11,0.0,0
11,0.0,1
11,0.0,2
11,0.0,3
11,0.0,4
11,0.0,5
11,0.0,6
11,0.0,7
11,0.0,8
11,0.0,9
11,0.0,10
11,0.0,11
11,0.0,12
11,0.0,13
11,0.0,14
11,0.0,15
11,0.0,16
11,0.0,17
11,0.0,18
11,0.0,19
11,0.0,20
11,0.0,21
11,0.0,22
11,0.0,23
11,0.0,24
11,0.0,0
11,0.0,1
11,0.0,2
11,0.0,3
11,0.0,4
11,0.0,5
11,0.0,6
11,0.0,7
11,0.0,8
11,0.0,9
11,0.0,10
11,0.0,11
11,0.0,12
11,0.0,13
11,0.0,14
11,0.0,15
11,0.0,16
11,0.0,17
11,0.0,18
11,0.0,19
11,0.0,20
11,0.0,21
11,0.0,22
11,0.0,23
11,0.0,24
11,0.0,0
11,0.0,1
11,0.0,2
11,0.0,3
11,0.0,4
11,0.0,5
11,0.0,6
11,0.0,7
11,0.0,8
11,0.0,9
11,0.0,10
11,0.0,11
11,0.0,12
11,0.0,13
11,0.0,14
11,0.0,15
11,0.0,16
11,0.0,17
11,0.0,18
11,0.0,19
11,0.0,20
11,0.0,21
11,0.0,22
11,0.0,23
11,0.0,24
12,0.0,0
12,0.0,1
12,0.0,2
12,0.0,3
12,0.0,4
12,0.0,5
12,0.0,6
12,0.0,7
12,0.0,8
12,0.0,9
12,0.0,10
12,0.0,11
12,0.0,12
12,0.0,13
12,0.0,14
12,0.0,15
12,0.0,16
12,0.0,17
12,0.0,18
12,0.0,19
12,0.0,20
12,0.0,21
12,0.0,22
12,0.0,23
12,0.0,24
12,0.0,0
12,0.0,1
12,0.0,2
12,0.0,3
12,0.0,4
12,0.0,5
12,0.0,6
12,0.0,7
12,0.0,8
12,0.0,9
12,0.0,10
12,0.0,11
12,0.0,12
12,0.0,13
12,0.0,14
12,0.0,15
12,0.0,16
12,0.0,17
12,0.0,18
12,0.0,19
12,0.0,20
12,0.0,21
12,0.0,22
12,0.0,23
12,0.0,24
12,0.0,0
12,0.0,1
12,0.0,2
12,0.0,3
12,0.0,4
12,0.0,5
12,0.0,6
12,0.0,7
12,0.0,8
12,0.0,9
12,0.0,10
12,0.0,11
12,0.0,12
12,0.0,13
12,0.0,14
12,0.0,15
12,0.0,16
12,0.0,17
12,0.0,18
12,0.0,19
12,0.0,20
12,0.0,21
12,0.0,22
12,0.0,23
12,0.0,24
12,0.0,0
12,0.0,1
12,0.0,2
12,0.0,3
12,0.0,4
12,0.0,5
12,0.0,6
12,0.0,7
12,0.0,8
12,0.0,9
12,0.0,10
12,0.0,11
12,0.0,12
12,0.0,13
12,0.0,14
12,0.0,15
12,0.0,16
12,0.0,17
12,0.0,18
12,0.0,19
12,0.0,20
12,0.0,21
12,0.0,22
12,0.0,23
12,0.0,24
12,0.0,0
12,0.0,1
12,0.0,2
12,0.0,3
12,0.0,4
12,0.0,5
12,0.0,6
12,0.0,7
12,0.0,8
12,0.0,9
12,0.0,10
12,4.643856189774724,11
12,4.643856189774724,12
12,4.643856189774724,13
12,4.643856189774724,14
12,4.643856189774724,15
12,4.643856189774724,16
12,4.643856189774724,17
12,4.643856189774724,18
12,4.643856189774724,19
12,4.643856189774724,20
12,4.643856189774724,21
12,4.643856189774724,22
12,4.643856189774724,23
12,4.643856189774724,24
12,0.0,0
12,4.643856189774724,1
12,4.643856189774724,2
12,4.643856189774724,3
12,4.643856189774724,4
12,4.643856189774724,5
12,4.643856189774724,6
12,4.643856189774724,7
12,4.643856189774724,8
12,4.643856189774724,9
12,4.643856189774724,10
12,4.643856189774724,11
12,4.643856189774724,12
12,4.643856189774724,13
12,4.643856189774724,14
12,4.643856189774724,15
12,4.643856189774724,16
12,4.643856189774724,17
12,4.643856189774724,18
12,4.643856189774724,19
12,4.643856189774724,20
12,4.643856189774724,21
12,4.643856189774724,22
12,4.643856189774724,23
12,4.643856189774724,24
12,0.0,0
12,0.0,1
12,0.0,2
12,0.0,3
12,0.0,4
12,0.0,5
12,0.0,6
12,0.0,7
12,0.0,8
12,0.0,9
12,0.0,10
12,0.0,11
12,0.0,12
12,0.0,13
12,0.0,14
12,0.0,15
12,0.0,16
12,0.0,17
12,0.0,18
12,0.0,19
12,0.0,20
12,0.0,21
12,0.0,22
12,0.0,23
12,0.0,24
12,0.0,0
12,0.0,1
12,0.0,2
12,0.0,3
12,0.0,4
12,0.0,5
12,0.0,6
12,0.0,7
12,0.0,8
12,0.0,9
12,0.0,10
12,0.0,11
12,0.0,12
12,0.0,13
12,0.0,14
12,0.0,15
12,0.0,16
12,0.0,17
12,0.0,18
12,0.0,19
12,0.0,20
12,0.0,21
12,0.0,22
12,0.0,23
12,0.0,24
12,0.0,0
12,0.0,1
12,0.0,2
12,0.0,3
12,0.0,4
12,0.0,5
12,0.0,6
12,0.0,7
12,0.0,8
12,0.0,9
12,0.0,10
12,0.0,11
12,0.0,12
12,0.0,13
12,0.0,14
12,0.0,15
12,0.0,16
12,0.0,17
12,0.0,18
12,0.0,19
12,0.0,20
12,0.0,21
12,0.0,22
12,0.0,23
12,0.0,24
12,0.0,0
12,0.0,1
12,0.0,2
12,0.0,3
12,0.0,4
12,0.0,5
12,0.0,6
12,0.0,7
12,0.0,8
12,0.0,9
12,0.0,10
12,0.0,11
12,0.0,12
12,0.0,13
12,0.0,14
12,0.0,15
12,0.0,16
12,0.0,17
12,0.0,18
12,0.0,19
12,0.0,20
12,0.0,21
12,0.0,22
12,0.0,23
12,0.0,24
13,0.0,0
13,0.0,1
13,0.0,2
13,0.0,3
13,0.0,4
13,0.0,5
13,0.0,6
13,0.0,7
13,0.0,8
13,0.0,9
13,0.0,10
13,0.0,11
13,0.0,12
13,0.0,13
13,0.0,14
13,0.0,15
13,0.0,16
13,0.0,17
13,0.0,18
13,0.0,19
13,0.0,20
13,0.0,21
13,0.0,22
13,0.0,23
13,0.0,24
13,0.0,0
13,0.0,1
13,0.0,2
13,0.0,3
13,0.0,4
13,0.0,5
13,0.0,6
13,0.0,7
13,0.0,8
13,0.0,9
13,0.0,10
13,0.0,11
13,0.0,12
13,0.0,13
13,0.0,14
13,0.0,15
13,0.0,16
13,0.0,17
13,0.0,18
13,0.0,19
13,0.0,20
13,0.0,21
13,0.0,22
13,0.0,23
13,0.0,24
13,0.0,0
13,0.0,1
13,0.0,2
13,0.0,3
13,0.0,4
13,0.0,5
13,0.0,6
13,0.0,7
13,0.0,8
13,0.0,9
13,0.0,10
13,0.0,11
13,0.0,12
13,0.0,13
13,0.0,14
13,0.0,15
13,0.0,16
13,0.0,17
13,0.0,18
13,0.0,19
13,0.0,20
13,0.0,21
13,0.0,22
13,0.0,23
13,0.0,24
13,0.0,0
13,0.0,1
13,0.0,2
13,0.0,3
13,0.0,4
13,0.0,5
13,0.0,6
13,0.0,7
13,0.0,8
13,0.0,9
13,0.0,10
13,0.0,11
13,0.0,12
13,0.0,13
13,0.0,14
13,0.0,15
13,0.0,16
13,0.0,17
13,0.0,18
13,0.0,19
13,0.0,20
13,0.0,21
13,0.0,22
13,0.0,23
13,0.0,24
13,0.0,0
13,0.0,1
13,0.0,2
13,0.0,3
13,0.0,4
13,0.0,5
13,0.0,6
13,0.0,7
13,0.0,8
13,0.0,9
13,0.0,10
13,0.0,11
13,0.0,12
13,0.0,13
13,0.0,14
13,0.0,15
13,0.0,16
13,0.0,17
13,0.0,18
13,0.0,19
13,0.0,20
13,0.0,21
13,0.0,22
13,0.0,23
13,0.0,24
13,0.0,0
13,4.643856189774724,1
13,4.643856189774724,2
13,4.643856189774724,3
13,4.643856189774724,4
13,4.643856189774724,5
13,4.643856189774724,6
13,4.643856189774724,7
13,4.643856189774724,8
13,4.643856189774724,9
13,4.643856189774724,10
13,4.643856189774724,11
13,4.643856189774724,12
13,4.643856189774724,13
13,4.643856189774724,14
13,4.643856189774724,15
13,4.643856189774724,16
13,4.643856189774724,17
13,4.643856189774724,18
13,4.643856189774724,19
13,4.643856189774724,20
13,4.643856189774724,21
13,4.643856189774724,22
13,4.643856189774724,23
13,4.643856189774724,24
13,0.0,0
13,0.0,1
13,0.0,2
13,0.0,3
13,0.0,4
13,0.0,5
13,0.0,6
13,0.0,7
13,0.0,8
13,0.0,9
13,0.0,10
13,0.0,11
13,0.0,12
13,0.0,13
13,0.0,14
13,0.0,15
13,0.0,16
13,0.0,17
13,0.0,18
13,0.0,19
13,0.0,20
13,0.0,21
13,0.0,22
13,0.0,23
13,0.0,24
13,0.0,0
13,0.0,1
13,0.0,2
13,0.0,3
13,0.0,4
13,0.0,5
13,0.0,6
13,0.0,7
13,0.0,8
13,0.0,9
13,0.0,10
13,0.0,11
13,0.0,12
13,0.0,13
13,0.0,14
13,0.0,15
13,0.0,16
13,0.0,17
13,0.0,18
13,0.0,19
13,0.0,20
13,0.0,21
13,0.0,22
13,0.0,23
13,0.0,24
13,0.0,0
13,0.0,1
13,0.0,2
13,0.0,3
13,0.0,4
13,0.0,5
13,0.0,6
13,0.0,7
13,0.0,8
13,0.0,9
13,0.0,10
13,0.0,11
13,0.0,12
13,0.0,13
13,0.0,14
13,0.0,15
13,0.0,16
13,0.0,17
13,0.0,18
13,0.0,19
13,0.0,20
13,0.0,21
13,0.0,22
13,0.0,23
13,0.0,24
13,0.0,0
13,0.0,1
13,0.0,2
13,0.0,3
13,0.0,4
13,0.0,5
13,0.0,6
13,0.0,7
13,0.0,8
13,0.0,9
13,0.0,10
13,0.0,11
13,0.0,12
13,0.0,13
13,0.0,14
13,0.0,15
13,0.0,16
13,0.0,17
13,0.0,18
13,0.0,19
13,0.0,20
13,0.0,21
13,0.0,22
13,0.0,23
13,0.0,24
14,0.0,0
14,0.0,1
14,0.0,2
14,0.0,3
14,0.0,4
14,0.0,5
14,0.0,6
14,0.0,7
14,0.0,8
14,0.0,9
14,0.0,10
14,0.0,11
14,0.0,12
14,0.0,13
14,0.0,14
14,0.0,15
14,0.0,16
14,0.0,17
14,0.0,18
14,0.0,19
14,0.0,20
14,0.0,21
14,0.0,22
14,0.0,23
14,0.0,24
14,0.0,0
14,0.0,1
14,0.0,2
14,0.0,3
14,0.0,4
14,0.0,5
14,0.0,6
14,0.0,7
14,0.0,8
14,0.0,9
14,0.0,10
14,0.0,11
14,0.0,12
14,0.0,13
14,0.0,14
14,0.0,15
14,0.0,16
14,0.0,17
14,0.0,18
14,0.0,19
14,0.0,20
14,0.0,21
14,0.0,22
14,0.0,23
14,0.0,24
14,0.0,0
14,0.0,1
14,0.0,2
14,0.0,3
14,0.0,4
14,0.0,5
14,0.0,6
14,0.0,7
14,0.0,8
14,0.0,9
14,0.0,10
14,0.0,11
14,0.0,12
14,0.0,13
14,0.0,14
14,0.0,15
14,0.0,16
14,0.0,17
14,0.0,18
14,0.0,19
14,0.0,20
14,0.0,21
14,0.0,22
14,0.0,23
14,0.0,24
14,0.0,0
14,0.0,1
14,0.0,2
14,0.0,3
14,0.0,4
14,0.0,5
14,0.0,6
14,0.0,7
14,0.0,8
14,0.0,9
14,0.0,10
14,0.0,11
14,0.0,12
14,0.0,13
14,0.0,14
14,0.0,15
14,0.0,16
14,0.0,17
14,0.0,18
14,0.0,19
14,0.0,20
14,0.0,21
14,0.0,22
14,0.0,23
14,0.0,24
14,0.0,0
14,0.0,1
14,0.0,2
14,0.0,3
14,0.0,4
14,0.0,5
14,0.0,6
14,0.0,7
14,0.0,8
14,0.0,9
14,0.0,10
14,0.0,11
14,0.0,12
14,0.0,13
14,0.0,14
14,0.0,15
14,0.0,16
14,0.0,17
14,0.0,18
14,0.0,19
14,0.0,20
14,0.0,21
14,0.0,22
14,0.0,23
14,0.0,24
14,0.0,0
14,0.0,1
14,0.0,2
14,0.0,3
14,0.0,4
14,0.0,5
14,0.0,6
14,0.0,7
14,0.0,8
14,0.0,9
14,0.0,10
14,0.0,11
14,0.0,12
14,0.0,13
14,0.0,14
14,0.0,15
14,0.0,16
14,0.0,17
14,0.0,18
14,0.0,19
14,0.0,20
14,0.0,21
14,0.0,22
14,0.0,23
14,0.0,24
14,0.0,0
14,0.0,1
14,0.0,2
14,0.0,3
14,0.0,4
14,0.0,5
14,0.0,6
14,0.0,7
14,0.0,8
14,0.0,9
14,0.0,10
14,0.0,11
14,0.0,12
14,0.0,13
14,0.0,14
14,0.0,15
14,0.0,16
14,0.0,17
14,0.0,18
14,0.0,19
14,0.0,20
14,0.0,21
14,0.0,22
14,0.0,23
14,0.0,24
14,0.0,0
14,0.0,1
14,0.0,2
14,0.0,3
14,0.0,4
14,0.0,5
14,0.0,6
14,0.0,7
14,0.0,8
14,0.0,9
14,0.0,10
14,0.0,11
14,0.0,12
14,0.0,13
14,0.0,14
14,0.0,15
14,0.0,16
14,0.0,17
14,0.0,18
14,0.0,19
14,0.0,20
14,0.0,21
14,0.0,22
14,0.0,23
14,0.0,24
14,0.0,0
14,0.0,1
14,0.0,2
14,0.0,3
14,0.0,4
14,0.0,5
14,0.0,6
14,0.0,7
14,0.0,8
14,0.0,9
14,0.0,10
14,0.0,11
14,0.0,12
14,0.0,13
14,0.0,14
14,0.0,15
14,0.0,16
14,0.0,17
14,0.0,18
14,0.0,19
14,0.0,20
14,0.0,21
14,0.0,22
14,0.0,23
14,0.0,24
14,0.0,0
14,0.0,1
14,0.0,2
14,0.0,3
14,0.0,4
14,0.0,5
14,0.0,6
14,0.0,7
14,0.0,8
14,0.0,9
14,0.0,10
14,0.0,11
14,0.0,12
14,0.0,13
14,0.0,14
14,0.0,15
14,0.0,16
14,0.0,17
14,0.0,18
14,0.0,19
14,0.0,20
14,0.0,21
14,0.0,22
14,0.0,23
14,0.0,24
15,0.0,0
15,0.0,1
15,0.0,2
15,0.0,3
15,0.0,4
15,0.0,5
15,0.0,6
15,0.0,7
15,0.0,8
15,0.0,9
15,0.0,10
15,0.0,11
15,0.0,12
15,0.0,13
15,0.0,14
15,0.0,15
15,0.0,16
15,0.0,17
15,0.0,18
15,0.0,19
15,0.0,20
15,0.0,21
15,0.0,22
15,0.0,23
15,0.0,24
15,0.0,0
15,0.0,1
15,0.0,2
15,0.0,3
15,0.0,4
15,0.0,5
15,0.0,6
15,0.0,7
15,0.0,8
15,0.0,9
15,0.0,10
15,0.0,11
15,0.0,12
15,0.0,13
15,0.0,14
15,0.0,15
15,0.0,16
15,0.0,17
15,0.0,18
15,0.0,19
15,0.0,20
15,0.0,21
15,0.0,22
15,0.0,23
15,0.0,24
15,0.0,0
15,0.0,1
15,0.0,2
15,0.0,3
15,0.0,4
15,0.0,5
15,0.0,6
15,0.0,7
15,0.0,8
15,0.0,9
15,0.0,10
15,0.0,11
15,0.0,12
15,0.0,13
15,0.0,14
15,0.0,15
15,0.0,16
15,0.0,17
15,0.0,18
15,0.0,19
15,0.0,20
15,0.0,21
15,0.0,22
15,0.0,23
15,0.0,24
15,0.0,0
15,0.0,1
15,0.0,2
15,0.0,3
15,0.0,4
15,0.0,5
15,0.0,6
15,0.0,7
15,0.0,8
15,0.0,9
15,0.0,10
15,0.0,11
15,0.0,12
15,0.0,13
15,0.0,14
15,0.0,15
15,0.0,16
15,0.0,17
15,0.0,18
15,0.0,19
15,0.0,20
15,0.0,21
15,0.0,22
15,0.0,23
15,0.0,24
15,0.0,0
15,0.0,1
15,0.0,2
15,0.0,3
15,0.0,4
15,0.0,5
15,0.0,6
15,0.0,7
15,0.0,8
15,0.0,9
15,0.0,10
15,0.0,11
15,0.0,12
15,0.0,13
15,0.0,14
15,0.0,15
15,0.0,16
15,0.0,17
15,0.0,18
15,0.0,19
15,0.0,20
15,0.0,21
15,0.0,22
15,0.0,23
15,0.0,24
15,0.0,0
15,0.0,1
15,0.0,2
15,0.0,3
15,0.0,4
15,0.0,5
15,0.0,6
15,0.0,7
15,0.0,8
15,0.0,9
15,0.0,10
15,0.0,11
15,0.0,12
15,0.0,13
15,0.0,14
15,0.0,15
15,0.0,16
15,0.0,17
15,0.0,18
15,0.0,19
15,0.0,20
15,0.0,21
15,0.0,22
15,0.0,23
15,0.0,24
15,0.0,0
15,0.0,1
15,0.0,2
15,0.0,3
15,0.0,4
15,0.0,5
15,0.0,6
15,0.0,7
15,0.0,8
15,0.0,9
15,0.0,10
15,0.0,11
15,0.0,12
15,0.0,13
15,0.0,14
15,0.0,15
15,0.0,16
15,0.0,17
15,0.0,18
15,0.0,19
15,0.0,20
15,0.0,21
15,0.0,22
15,0.0,23
15,0.0,24
15,0.0,0
15,0.0,1
15,0.0,2
15,0.0,3
15,0.0,4
15,0.0,5
15,0.0,6
15,0.0,7
15,0.0,8
15,0.0,9
15,0.0,10
15,0.0,11
15,0.0,12
15,0.0,13
15,0.0,14
15,0.0,15
15,0.0,16
15,0.0,17
15,0.0,18
15,0.0,19
15,0.0,20
15,0.0,21
15,0.0,22
15,0.0,23
15,0.0,24
15,0.0,0
15,0.0,1
15,0.0,2
15,0.0,3
15,0.0,4
15,0.0,5
15,0.0,6
15,0.0,7
15,0.0,8
15,0.0,9
15,0.0,10
15,0.0,11
15,0.0,12
15,0.0,13
15,0.0,14
15,0.0,15
15,0.0,16
15,0.0,17
15,0.0,18
15,0.0,19
15,0.0,20
15,0.0,21
15,0.0,22
15,0.0,23
15,0.0,24
15,0.0,0
15,0.0,1
15,0.0,2
15,0.0,3
15,0.0,4
15,0.0,5
15,0.0,6
15,0.0,7
15,0.0,8
15,0.0,9
15,0.0,10
15,0.0,11
15,0.0,12
15,0.0,13
15,0.0,14
15,0.0,15
15,0.0,16
15,0.0,17
15,0.0,18
15,0.0,19
15,0.0,20
15,0.0,21
15,0.0,22
15,0.0,23
15,0.0,24
16,0.0,0
16,0.0,1
16,0.0,2
16,0.0,3
16,0.0,4
16,0.0,5
16,0.0,6
16,0.0,7
16,0.0,8
16,0.0,9
16,0.0,10
16,0.0,11
16,0.0,12
16,0.0,13
16,0.0,14
16,0.0,15
16,0.0,16
16,0.0,17
16,0.0,18
16,0.0,19
16,0.0,20
16,0.0,21
16,0.0,22
16,0.0,23
16,0.0,24
16,0.0,0
16,0.0,1
16,0.0,2
16,0.0,3
16,0.0,4
16,0.0,5
16,0.0,6
16,0.0,7
16,0.0,8
16,0.0,9
16,0.0,10
16,0.0,11
16,0.0,12
16,0.0,13
16,0.0,14
16,0.0,15
16,0.0,16
16,0.0,17
16,0.0,18
16,0.0,19
16,0.0,20
16,0.0,21
16,0.0,22
16,0.0,23
16,0.0,24
16,0.0,0
16,0.0,1
16,0.0,2
16,0.0,3
16,0.0,4
16,0.0,5
16,0.0,6
16,0.0,7
16,0.0,8
16,0.0,9
16,0.0,10
16,0.0,11
16,0.0,12
16,0.0,13
16,0.0,14
16,0.0,15
16,0.0,16
16,0.0,17
16,0.0,18
16,0.0,19
16,0.0,20
16,0.0,21
16,0.0,22
16,0.0,23
16,0.0,24
16,0.0,0
16,0.0,1
16,0.0,2
16,0.0,3
16,0.0,4
16,0.0,5
16,0.0,6
16,0.0,7
16,0.0,8
16,0.0,9
16,0.0,10
16,0.0,11
16,0.0,12
16,0.0,13
16,0.0,14
16,0.0,15
16,0.0,16
16,0.0,17
16,0.0,18
16,0.0,19
16,0.0,20
16,0.0,21
16,0.0,22
16,0.0,23
16,0.0,24
16,0.0,0
16,0.0,1
16,0.0,2
16,0.0,3
16,0.0,4
16,0.0,5
16,0.0,6
16,0.0,7
16,0.0,8
16,0.0,9
16,0.0,10
16,0.0,11
16,0.0,12
16,0.0,13
16,0.0,14
16,0.0,15
16,0.0,16
16,0.0,17
16,0.0,18
16,0.0,19
16,0.0,20
16,0.0,21
16,0.0,22
16,0.0,23
16,0.0,24
16,0.0,0
16,0.0,1
16,0.0,2
16,0.0,3
16,0.0,4
16,0.0,5
16,0.0,6
16,0.0,7
16,0.0,8
16,0.0,9
16,0.0,10
16,0.0,11
16,0.0,12
16,0.0,13
16,0.0,14
16,0.0,15
16,0.0,16
16,0.0,17
16,0.0,18
16,0.0,19
16,0.0,20
16,0.0,21
16,0.0,22
16,0.0,23
16,0.0,24
16,0.0,0
16,0.0,1
16,0.0,2
16,0.0,3
16,0.0,4
16,0.0,5
16,0.0,6
16,0.0,7
16,0.0,8
16,0.0,9
16,0.0,10
16,0.0,11
16,0.0,12
16,0.0,13
16,0.0,14
16,0.0,15
16,0.0,16
16,0.0,17
16,0.0,18
16,0.0,19
16,0.0,20
16,0.0,21
16,0.0,22
16,0.0,23
16,0.0,24
16,0.0,0
16,0.0,1
16,0.0,2
16,0.0,3
16,0.0,4
16,0.0,5
16,0.0,6
16,0.0,7
16,0.0,8
16,0.0,9
16,0.0,10
16,0.0,11
16,0.0,12
16,0.0,13
16,0.0,14
16,0.0,15
16,0.0,16
16,0.0,17
16,0.0,18
16,0.0,19
16,0.0,20
16,0.0,21
16,0.0,22
16,0.0,23
16,0.0,24
16,0.0,0
16,0.0,1
16,0.0,2
16,0.0,3
16,0.0,4
16,0.0,5
16,0.0,6
16,0.0,7
16,0.0,8
16,0.0,9
16,0.0,10
16,0.0,11
16,0.0,12
16,0.0,13
16,0.0,14
16,0.0,15
16,0.0,16
16,0.0,17
16,0.0,18
16,0.0,19
16,0.0,20
16,0.0,21
16,0.0,22
16,0.0,23
16,0.0,24
16,0.0,0
16,0.0,1
16,0.0,2
16,0.0,3
16,0.0,4
16,0.0,5
16,0.0,6
16,0.0,7
16,0.0,8
16,0.0,9
16,0.0,10
16,0.0,11
16,0.0,12
16,0.0,13
16,0.0,14
16,0.0,15
16,0.0,16
16,0.0,17
16,0.0,18
16,0.0,19
16,0.0,20
16,0.0,21
16,0.0,22
16,0.0,23
16,0.0,24
17,0.0,0
17,0.0,1
17,0.0,2
17,0.0,3
17,0.0,4
17,0.0,5
17,0.0,6
17,0.0,7
17,0.0,8
17,0.0,9
17,0.0,10
17,0.0,11
17,0.0,12
17,0.0,13
17,0.0,14
17,0.0,15
17,0.0,16
17,0.0,17
17,0.0,18
17,0.0,19
17,0.0,20
17,0.0,21
17,0.0,22
17,0.0,23
17,0.0,24
17,0.0,0
17,0.0,1
17,0.0,2
17,0.0,3
17,0.0,4
17,0.0,5
17,0.0,6
17,0.0,7
17,0.0,8
17,0.0,9
17,0.0,10
17,0.0,11
17,0.0,12
17,0.0,13
17,0.0,14
17,0.0,15
17,0.0,16
17,0.0,17
17,0.0,18
17,0.0,19
17,0.0,20
17,0.0,21
17,0.0,22
17,0.0,23
17,0.0,24
17,0.0,0
17,0.0,1
17,0.0,2
17,0.0,3
17,0.0,4
17,0.0,5
17,0.0,6
17,0.0,7
17,0.0,8
17,0.0,9
17,0.0,10
17,0.0,11
17,0.0,12
17,0.0,13
17,0.0,14
17,0.0,15
17,0.0,16
17,0.0,17
17,0.0,18
17,0.0,19
17,0.0,20
17,0.0,21
17,0.0,22
17,0.0,23
17,0.0,24
17,0.0,0
17,0.0,1
17,0.0,2
17,0.0,3
17,0.0,4
17,0.0,5
17,0.0,6
17,0.0,7
17,0.0,8
17,0.0,9
17,0.0,10
17,0.0,11
17,0.0,12
17,0.0,13
17,0.0,14
17,0.0,15
17,0.0,16
17,0.0,17
17,0.0,18
17,0.0,19
17,0.0,20
17,0.0,21
17,0.0,22
17,0.0,23
17,0.0,24
17,0.0,0
17,0.0,1
17,0.0,2
17,0.0,3
17,0.0,4
17,0.0,5
17,0.0,6
17,0.0,7
17,0.0,8
17,0.0,9
17,0.0,10
17,0.0,11
17,0.0,12
17,0.0,13
17,0.0,14
17,0.0,15
17,0.0,16
17,0.0,17
17,0.0,18
17,0.0,19
17,0.0,20
17,0.0,21
17,0.0,22
17,0.0,23
17,0.0,24
17,0.0,0
17,0.0,1
17,0.0,2
17,0.0,3
17,0.0,4
17,0.0,5
17,0.0,6
17,0.0,7
17,0.0,8
17,0.0,9
17,0.0,10
17,0.0,11
17,0.0,12
17,0.0,13
17,0.0,14
17,0.0,15
17,0.0,16
17,0.0,17
17,0.0,18
17,0.0,19
17,0.0,20
17,0.0,21
17,0.0,22
17,0.0,23
17,0.0,24
17,0.0,0
17,0.0,1
17,0.0,2
17,0.0,3
17,0.0,4
17,0.0,5
17,0.0,6
17,0.0,7
17,0.0,8
17,0.0,9
17,0.0,10
17,0.0,11
17,0.0,12
17,0.0,13
17,0.0,14
17,0.0,15
17,0.0,16
17,0.0,17
17,0.0,18
17,0.0,19
17,0.0,20
17,0.0,21
17,0.0,22
17,0.0,23
17,0.0,24
17,0.0,0
17,0.0,1
17,0.0,2
17,0.0,3
17,0.0,4
17,0.0,5
17,0.0,6
17,0.0,7
17,0.0,8
17,0.0,9
17,0.0,10
17,0.0,11
17,0.0,12
17,0.0,13
17,0.0,14
17,0.0,15
17,0.0,16
17,0.0,17
17,0.0,18
17,0.0,19
17,0.0,20
17,0.0,21
17,0.0,22
17,0.0,23
17,0.0,24
17,0.0,0
17,0.0,1
17,0.0,2
17,0.0,3
17,0.0,4
17,0.0,5
17,0.0,6
17,0.0,7
17,0.0,8
17,0.0,9
17,0.0,10
17,0.0,11
17,0.0,12
17,0.0,13
17,0.0,14
17,0.0,15
17,0.0,16
17,0.0,17
17,0.0,18
17,0.0,19
17,0.0,20
17,0.0,21
17,0.0,22
17,0.0,23
17,0.0,24
17,0.0,0
17,0.0,1
17,0.0,2
17,0.0,3
17,0.0,4
17,0.0,5
17,0.0,6
17,0.0,7
17,0.0,8
17,0.0,9
17,0.0,10
17,0.0,11
17,0.0,12
17,0.0,13
17,0.0,14
17,0.0,15
17,0.0,16
17,0.0,17
17,0.0,18
17,0.0,19
17,0.0,20
17,0.0,21
17,0.0,22
17,0.0,23
17,0.0,24
18,0.0,0
18,0.0,1
18,0.0,2
18,0.0,3
18,0.0,4
18,0.0,5
18,0.0,6
18,0.0,7
18,0.0,8
18,0.0,9
18,0.0,10
18,0.0,11
18,0.0,12
18,0.0,13
18,0.0,14
18,0.0,15
18,0.0,16
18,0.0,17
18,0.0,18
18,0.0,19
18,0.0,20
18,0.0,21
18,0.0,22
18,0.0,23
18,0.0,24
18,0.0,0
18,0.0,1
18,0.0,2
18,0.0,3
18,0.0,4
18,0.0,5
18,0.0,6
18,0.0,7
18,0.0,8
18,0.0,9
18,0.0,10
18,0.0,11
18,0.0,12
18,0.0,13
18,0.0,14
18,0.0,15
18,0.0,16
18,0.0,17
18,0.0,18
18,0.0,19
18,0.0,20
18,0.0,21
18,0.0,22
18,0.0,23
18,0.0,24
18,0.0,0
18,0.0,1
18,0.0,2
18,0.0,3
18,0.0,4
18,0.0,5
18,0.0,6
18,0.0,7
18,0.0,8
18,0.0,9
18,0.0,10
18,0.0,11
18,0.0,12
18,0.0,13
18,0.0,14
18,0.0,15
18,0.0,16
18,0.0,17
18,0.0,18
18,0.0,19
18,0.0,20
18,0.0,21
18,0.0,22
18,0.0,23
18,0.0,24
18,0.0,0
18,0.0,1
18,0.0,2
18,0.0,3
18,0.0,4
18,0.0,5
18,0.0,6
18,0.0,7
18,0.0,8
18,0.0,9
18,0.0,10
18,0.0,11
18,0.0,12
18,0.0,13
18,0.0,14
18,0.0,15
18,0.0,16
18,0.0,17
18,0.0,18
18,0.0,19
18,0.0,20
18,0.0,21
18,0.0,22
18,0.0,23
18,0.0,24
18,0.0,0
18,0.0,1
18,0.0,2
18,0.0,3
18,0.0,4
18,0.0,5
18,0.0,6
18,0.0,7
18,0.0,8
18,0.0,9
18,0.0,10
18,0.0,11
18,0.0,12
18,0.0,13
18,0.0,14
18,0.0,15
18,0.0,16
18,0.0,17
18,0.0,18
18,0.0,19
18,0.0,20
18,0.0,21
18,0.0,22
18,0.0,23
18,0.0,24
18,0.0,0
18,0.0,1
18,0.0,2
18,0.0,3
18,0.0,4
18,0.0,5
18,0.0,6
18,0.0,7
18,0.0,8
18,0.0,9
18,0.0,10
18,0.0,11
18,0.0,12
18,0.0,13
18,0.0,14
18,0.0,15
18,0.0,16
18,0.0,17
18,0.0,18
18,0.0,19
18,0.0,20
18,0.0,21
18,0.0,22
18,0.0,23
18,0.0,24
18,0.0,0
18,0.0,1
18,0.0,2
18,0.0,3
18,0.0,4
18,0.0,5
18,0.0,6
18,0.0,7
18,0.0,8
18,0.0,9
18,0.0,10
18,0.0,11
18,0.0,12
18,0.0,13
18,0.0,14
18,0.0,15
18,0.0,16
18,0.0,17
18,0.0,18
18,0.0,19
18,0.0,20
18,0.0,21
18,0.0,22
18,0.0,23
18,0.0,24
18,0.0,0
18,0.0,1
18,0.0,2
18,0.0,3
18,0.0,4
18,0.0,5
18,0.0,6
18,0.0,7
18,0.0,8
18,0.0,9
18,0.0,10
18,0.0,11
18,0.0,12
18,0.0,13
18,0.0,14
18,0.0,15
18,0.0,16
18,0.0,17
18,0.0,18
18,0.0,19
18,0.0,20
18,0.0,21
18,0.0,22
18,0.0,23
18,0.0,24
18,0.0,0
18,0.0,1
18,0.0,2
18,0.0,3
18,0.0,4
18,0.0,5
18,0.0,6
18,0.0,7
18,0.0,8
18,0.0,9
18,0.0,10
18,0.0,11
18,0.0,12
18,0.0,13
18,0.0,14
18,0.0,15
18,0.0,16
18,0.0,17
18,0.0,18
18,0.0,19
18,0.0,20
18,0.0,21
18,0.0,22
18,0.0,23
18,0.0,24
18,0.0,0
18,0.0,1
18,0.0,2
18,0.0,3
18,0.0,4
18,0.0,5
18,0.0,6
18,0.0,7
18,0.0,8
18,0.0,9
18,0.0,10
18,0.0,11
18,0.0,12
18,0.0,13
18,0.0,14
18,0.0,15
18,0.0,16
18,0.0,17
18,0.0,18
18,0.0,19
18,0.0,20
18,0.0,21
18,0.0,22
18,0.0,23
18,0.0,24
19,0.0,0
19,0.0,1
19,0.0,2
19,0.0,3
19,0.0,4
19,0.0,5
19,0.0,6
19,0.0,7
19,0.0,8
19,0.0,9
19,0.0,10
19,0.0,11
19,0.0,12
19,0.0,13
19,0.0,14
19,0.0,15
19,0.0,16
19,0.0,17
19,0.0,18
19,0.0,19
19,0.0,20
19,0.0,21
19,0.0,22
19,0.0,23
19,0.0,24
19,0.0,0
19,0.0,1
19,0.0,2
19,0.0,3
19,0.0,4
19,0.0,5
19,0.0,6
19,0.0,7
19,0.0,8
19,0.0,9
19,0.0,10
19,0.0,11
19,0.0,12
19,0.0,13
19,0.0,14
19,0.0,15
19,0.0,16
19,0.0,17
19,0.0,18
19,0.0,19
19,0.0,20
19,0.0,21
19,0.0,22
19,0.0,23
19,0.0,24
19,0.0,0
19,0.0,1
19,0.0,2
19,0.0,3
19,0.0,4
19,0.0,5
19,0.0,6
19,0.0,7
19,0.0,8
19,0.0,9
19,0.0,10
19,0.0,11
19,0.0,12
19,0.0,13
19,0.0,14
19,0.0,15
19,0.0,16
19,0.0,17
19,0.0,18
19,0.0,19
19,0.0,20
19,0.0,21
19,0.0,22
19,0.0,23
19,0.0,24
19,0.0,0
19,0.0,1
19,0.0,2
19,0.0,3
19,0.0,4
19,0.0,5
19,0.0,6
19,0.0,7
19,0.0,8
19,0.0,9
19,0.0,10
19,0.0,11
19,0.0,12
19,0.0,13
19,0.0,14
19,0.0,15
19,0.0,16
19,0.0,17
19,0.0,18
19,0.0,19
19,0.0,20
19,0.0,21
19,0.0,22
19,0.0,23
19,0.0,24
19,0.0,0
19,0.0,1
19,0.0,2
19,0.0,3
19,0.0,4
19,0.0,5
19,0.0,6
19,0.0,7
19,0.0,8
19,0.0,9
19,0.0,10
19,0.0,11
19,0.0,12
19,0.0,13
19,0.0,14
19,0.0,15
19,0.0,16
19,0.0,17
19,0.0,18
19,0.0,19
19,0.0,20
19,0.0,21
19,0.0,22
19,0.0,23
19,0.0,24
19,0.0,0
19,0.0,1
19,0.0,2
19,0.0,3
19,0.0,4
19,0.0,5
19,0.0,6
19,0.0,7
19,0.0,8
19,0.0,9
19,0.0,10
19,0.0,11
19,0.0,12
19,0.0,13
19,0.0,14
19,0.0,15
19,0.0,16
19,0.0,17
19,0.0,18
19,0.0,19
19,0.0,20
19,0.0,21
19,0.0,22
19,0.0,23
19,0.0,24
19,0.0,0
19,0.0,1
19,0.0,2
19,0.0,3
19,0.0,4
19,0.0,5
19,0.0,6
19,0.0,7
19,0.0,8
19,0.0,9
19,0.0,10
19,0.0,11
19,0.0,12
19,0.0,13
19,0.0,14
19,0.0,15
19,0.0,16
19,0.0,17
19,0.0,18
19,0.0,19
19,0.0,20
19,0.0,21
19,0.0,22
19,0.0,23
19,0.0,24
19,0.0,0
19,0.0,1
19,0.0,2
19,0.0,3
19,0.0,4
19,0.0,5
19,0.0,6
19,0.0,7
19,0.0,8
19,0.0,9
19,0.0,10
19,0.0,11
19,0.0,12
19,0.0,13
19,0.0,14
19,0.0,15
19,0.0,16
19,0.0,17
19,0.0,18
19,0.0,19
19,0.0,20
19,0.0,21
19,0.0,22
19,0.0,23
19,0.0,24
19,0.0,0
19,0.0,1
19,0.0,2
19,0.0,3
19,0.0,4
19,0.0,5
19,0.0,6
19,0.0,7
19,0.0,8
19,0.0,9
19,0.0,10
19,0.0,11
19,0.0,12
19,0.0,13
19,0.0,14
19,0.0,15
19,0.0,16
19,0.0,17
19,0.0,18
19,0.0,19
19,0.0,20
19,0.0,21
19,0.0,22
19,0.0,23
19,0.0,24
19,0.0,0
19,0.0,1
19,0.0,2
19,0.0,3
19,0.0,4
19,0.0,5
19,0.0,6
19,0.0,7
19,0.0,8
19,0.0,9
19,0.0,10
19,0.0,11
19,0.0,12
19,0.0,13
19,0.0,14
19,0.0,15
19,0.0,16
19,0.0,17
19,0.0,18
19,0.0,19
19,0.0,20
19,0.0,21
19,0.0,22
19,0.0,23
19,0.0,24
20,0.0,0
20,0.0,1
20,0.0,2
20,0.0,3
20,0.0,4
20,0.0,5
20,0.0,6
20,0.0,7
20,0.0,8
20,0.0,9
20,0.0,10
20,0.0,11
20,0.0,12
20,0.0,13
20,0.0,14
20,0.0,15
20,0.0,16
20,0.0,17
20,0.0,18
20,0.0,19
20,0.0,20
20,0.0,21
20,0.0,22
20,0.0,23
20,0.0,24
20,0.0,0
20,0.0,1
20,0.0,2
20,0.0,3
20,0.0,4
20,0.0,5
20,0.0,6
20,0.0,7
20,0.0,8
20,0.0,9
20,0.0,10
20,0.0,11
20,0.0,12
20,0.0,13
20,0.0,14
20,0.0,15
20,0.0,16
20,0.0,17
20,0.0,18
20,0.0,19
20,0.0,20
20,0.0,21
20,0.0,22
20,0.0,23
20,0.0,24
20,0.0,0
20,0.0,1
20,0.0,2
20,0.0,3
20,0.0,4
20,0.0,5
20,0.0,6
20,0.0,7
20,0.0,8
20,0.0,9
20,0.0,10
20,0.0,11
20,0.0,12
20,0.0,13
20,0.0,14
20,0.0,15
20,0.0,16
20,0.0,17
20,0.0,18
20,0.0,19
20,0.0,20
20,0.0,21
20,0.0,22
20,0.0,23
20,0.0,24
20,0.0,0
20,0.0,1
20,0.0,2
20,0.0,3
20,0.0,4
20,0.0,5
20,0.0,6
20,0.0,7
20,0.0,8
20,0.0,9
20,0.0,10
20,0.0,11
20,0.0,12
20,0.0,13
20,0.0,14
20,0.0,15
20,0.0,16
20,0.0,17
20,0.0,18
20,0.0,19
20,0.0,20
20,0.0,21
20,0.0,22
20,0.0,23
20,0.0,24
20,0.0,0
20,0.0,1
20,0.0,2
20,0.0,3
20,0.0,4
20,0.0,5
20,0.0,6
20,0.0,7
20,0.0,8
20,0.0,9
20,0.0,10
20,0.0,11
20,0.0,12
20,0.0,13
20,0.0,14
20,0.0,15
20,0.0,16
20,0.0,17
20,0.0,18
20,0.0,19
20,0.0,20
20,0.0,21
20,0.0,22
20,0.0,23
20,0.0,24
20,0.0,0
20,0.0,1
20,0.0,2
20,0.0,3
20,0.0,4
20,0.0,5
20,0.0,6
20,0.0,7
20,0.0,8
20,0.0,9
20,0.0,10
20,0.0,11
20,0.0,12
20,0.0,13
20,0.0,14
20,0.0,15
20,0.0,16
20,0.0,17
20,0.0,18
20,0.0,19
20,0.0,20
20,0.0,21
20,0.0,22
20,0.0,23
20,0.0,24
20,0.0,0
20,0.0,1
20,0.0,2
20,0.0,3
20,0.0,4
20,0.0,5
20,0.0,6
20,0.0,7
20,0.0,8
20,0.0,9
20,0.0,10
20,0.0,11
20,0.0,12
20,0.0,13
20,0.0,14
20,0.0,15
20,0.0,16
20,0.0,17
20,0.0,18
20,0.0,19
20,0.0,20
20,0.0,21
20,0.0,22
20,0.0,23
20,0.0,24
20,0.0,0
20,0.0,1
20,0.0,2
20,0.0,3
20,0.0,4
20,0.0,5
20,0.0,6
20,0.0,7
20,0.0,8
20,0.0,9
20,0.0,10
20,0.0,11
20,0.0,12
20,0.0,13
20,0.0,14
20,0.0,15
20,0.0,16
20,0.0,17
20,0.0,18
20,0.0,19
20,0.0,20
20,0.0,21
20,0.0,22
20,0.0,23
20,0.0,24
20,0.0,0
20,0.0,1
20,0.0,2
20,0.0,3
20,0.0,4
20,0.0,5
20,0.0,6
20,0.0,7
20,0.0,8
20,0.0,9
20,0.0,10
20,0.0,11
20,0.0,12
20,0.0,13
20,0.0,14
20,0.0,15
20,0.0,16
20,0.0,17
20,0.0,18
20,0.0,19
20,0.0,20
20,0.0,21
20,0.0,22
20,0.0,23
20,0.0,24
20,0.0,0
20,0.0,1
20,0.0,2
20,0.0,3
20,0.0,4
20,0.0,5
20,0.0,6
20,0.0,7
20,0.0,8
20,0.0,9
20,0.0,10
20,0.0,11
20,0.0,12
20,0.0,13
20,0.0,14
20,0.0,15
20,0.0,16
20,0.0,17
20,0.0,18
20,0.0,19
20,0.0,20
20,0.0,21
20,0.0,22
20,0.0,23
20,0.0,24
21,0.0,0
21,0.0,1
21,0.0,2
21,0.0,3
21,0.0,4
21,0.0,5
21,0.0,6
21,0.0,7
21,0.0,8
21,0.0,9
21,0.0,10
21,0.0,11
21,0.0,12
21,0.0,13
21,0.0,14
21,0.0,15
21,0.0,16
21,0.0,17
21,0.0,18
21,0.0,19
21,0.0,20
21,0.0,21
21,0.0,22
21,0.0,23
21,0.0,24
21,0.0,0
21,0.0,1
21,0.0,2
21,0.0,3
21,0.0,4
21,0.0,5
21,0.0,6
21,0.0,7
21,0.0,8
21,0.0,9
21,0.0,10
21,0.0,11
21,0.0,12
21,0.0,13
21,0.0,14
21,0.0,15
21,0.0,16
21,0.0,17
21,0.0,18
21,0.0,19
21,0.0,20
21,0.0,21
21,0.0,22
21,0.0,23
21,0.0,24
21,0.0,0
21,0.0,1
21,0.0,2
21,0.0,3
21,0.0,4
21,0.0,5
21,0.0,6
21,0.0,7
21,0.0,8
21,0.0,9
21,0.0,10
21,0.0,11
21,0.0,12
21,0.0,13
21,0.0,14
21,0.0,15
21,0.0,16
21,0.0,17
21,0.0,18
21,0.0,19
21,0.0,20
21,0.0,21
21,0.0,22
21,0.0,23
21,0.0,24
21,0.0,0
21,0.0,1
21,0.0,2
21,0.0,3
21,0.0,4
21,0.0,5
21,0.0,6
21,0.0,7
21,0.0,8
21,0.0,9
21,0.0,10
21,0.0,11
21,0.0,12
21,0.0,13
21,0.0,14
21,0.0,15
21,0.0,16
21,0.0,17
21,0.0,18
21,0.0,19
21,0.0,20
21,0.0,21
21,0.0,22
21,0.0,23
21,0.0,24
21,0.0,0
21,0.0,1
21,0.0,2
21,0.0,3
21,0.0,4
21,0.0,5
21,0.0,6
21,0.0,7
21,0.0,8
21,0.0,9
21,0.0,10
21,0.0,11
21,0.0,12
21,0.0,13
21,0.0,14
21,0.0,15
21,0.0,16
21,0.0,17
21,0.0,18
21,0.0,19
21,0.0,20
21,0.0,21
21,0.0,22
21,0.0,23
21,0.0,24
21,0.0,0
21,0.0,1
21,0.0,2
21,0.0,3
21,0.0,4
21,0.0,5
21,0.0,6
21,0.0,7
21,0.0,8
21,0.0,9
21,0.0,10
21,0.0,11
21,0.0,12
21,0.0,13
21,0.0,14
21,0.0,15
21,0.0,16
21,0.0,17
21,0.0,18
21,0.0,19
21,0.0,20
21,0.0,21
21,0.0,22
21,0.0,23
21,0.0,24
21,0.0,0
21,0.0,1
21,0.0,2
21,0.0,3
21,0.0,4
21,0.0,5
21,0.0,6
21,0.0,7
21,0.0,8
21,0.0,9
21,0.0,10
21,0.0,11
21,0.0,12
21,0.0,13
21,0.0,14
21,0.0,15
21,0.0,16
21,0.0,17
21,0.0,18
21,0.0,19
21,0.0,20
21,0.0,21
21,0.0,22
21,0.0,23
21,0.0,24
21,0.0,0
21,0.0,1
21,0.0,2
21,0.0,3
21,0.0,4
21,0.0,5
21,0.0,6
21,0.0,7
21,0.0,8
21,0.0,9
21,0.0,10
21,0.0,11
21,0.0,12
21,0.0,13
21,0.0,14
21,0.0,15
21,0.0,16
21,0.0,17
21,0.0,18
21,0.0,19
21,0.0,20
21,0.0,21
21,0.0,22
21,0.0,23
21,0.0,24
21,0.0,0
21,0.0,1
21,0.0,2
21,0.0,3
21,0.0,4
21,0.0,5
21,0.0,6
21,0.0,7
21,0.0,8
21,0.0,9
21,0.0,10
21,0.0,11
21,0.0,12
21,0.0,13
21,0.0,14
21,0.0,15
21,0.0,16
21,0.0,17
21,0.0,18
21,0.0,19
21,0.0,20
21,0.0,21
21,0.0,22
21,0.0,23
21,0.0,24
21,0.0,0
21,0.0,1
21,0.0,2
21,0.0,3
21,0.0,4
21,0.0,5
21,0.0,6
21,0.0,7
21,0.0,8
21,0.0,9
21,0.0,10
21,0.0,11
21,0.0,12
21,0.0,13
21,0.0,14
21,0.0,15
21,0.0,16
21,0.0,17
21,0.0,18
21,0.0,19
21,0.0,20
21,0.0,21
21,0.0,22
21,0.0,23
21,0.0,24
22,0.0,0
22,0.0,1
22,0.0,2
22,0.0,3
22,0.0,4
22,0.0,5
22,0.0,6
22,0.0,7
22,0.0,8
22,0.0,9
22,0.0,10
22,0.0,11
22,0.0,12
22,0.0,13
22,0.0,14
22,0.0,15
22,0.0,16
22,0.0,17
22,0.0,18
22,0.0,19
22,0.0,20
22,0.0,21
22,0.0,22
22,0.0,23
22,0.0,24
22,0.0,0
22,0.0,1
22,0.0,2
22,0.0,3
22,0.0,4
22,0.0,5
22,0.0,6
22,0.0,7
22,0.0,8
22,0.0,9
22,0.0,10
22,0.0,11
22,0.0,12
22,0.0,13
22,0.0,14
22,0.0,15
22,0.0,16
22,0.0,17
22,0.0,18
22,0.0,19
22,0.0,20
22,0.0,21
22,0.0,22
22,0.0,23
22,0.0,24
22,0.0,0
22,0.0,1
22,0.0,2
22,0.0,3
22,0.0,4
22,0.0,5
22,0.0,6
22,0.0,7
22,0.0,8
22,0.0,9
22,0.0,10
22,0.0,11
22,0.0,12
22,0.0,13
22,0.0,14
22,0.0,15
22,0.0,16
22,0.0,17
22,0.0,18
22,0.0,19
22,0.0,20
22,0.0,21
22,0.0,22
22,0.0,23
22,0.0,24
22,0.0,0
22,0.0,1
22,0.0,2
22,0.0,3
22,0.0,4
22,0.0,5
22,0.0,6
22,0.0,7
22,0.0,8
22,0.0,9
22,0.0,10
22,0.0,11
22,0.0,12
22,0.0,13
22,0.0,14
22,0.0,15
22,0.0,16
22,0.0,17
22,0.0,18
22,0.0,19
22,0.0,20
22,0.0,21
22,0.0,22
22,0.0,23
22,0.0,24
22,0.0,0
22,0.0,1
22,0.0,2
22,0.0,3
22,0.0,4
22,0.0,5
22,0.0,6
22,0.0,7
22,0.0,8
22,0.0,9
22,0.0,10
22,0.0,11
22,0.0,12
22,0.0,13
22,0.0,14
22,0.0,15
22,0.0,16
22,0.0,17
22,0.0,18
22,0.0,19
22,0.0,20
22,0.0,21
22,0.0,22
22,0.0,23
22,0.0,24
22,0.0,0
22,0.0,1
22,0.0,2
22,0.0,3
22,0.0,4
22,0.0,5
22,0.0,6
22,0.0,7
22,0.0,8
22,0.0,9
22,0.0,10
22,0.0,11
22,0.0,12
22,0.0,13
22,0.0,14
22,0.0,15
22,0.0,16
22,0.0,17
22,0.0,18
22,0.0,19
22,0.0,20
22,0.0,21
22,0.0,22
22,0.0,23
22,0.0,24
22,0.0,0
22,0.0,1
22,0.0,2
22,0.0,3
22,0.0,4
22,0.0,5
22,0.0,6
22,0.0,7
22,0.0,8
22,0.0,9
22,0.0,10
22,0.0,11
22,0.0,12
22,0.0,13
22,0.0,14
22,0.0,15
22,0.0,16
22,0.0,17
22,0.0,18
22,0.0,19
22,0.0,20
22,0.0,21
22,0.0,22
22,0.0,23
22,0.0,24
22,0.0,0
22,0.0,1
22,0.0,2
22,0.0,3
22,0.0,4
22,0.0,5
22,0.0,6
22,0.0,7
22,0.0,8
22,0.0,9
22,0.0,10
22,0.0,11
22,0.0,12
22,0.0,13
22,0.0,14
22,0.0,15
22,0.0,16
22,0.0,17
22,0.0,18
22,0.0,19
22,0.0,20
22,0.0,21
22,0.0,22
22,0.0,23
22,0.0,24
22,0.0,0
22,0.0,1
22,0.0,2
22,0.0,3
22,0.0,4
22,0.0,5
22,0.0,6
22,0.0,7
22,0.0,8
22,0.0,9
22,0.0,10
22,0.0,11
22,0.0,12
22,0.0,13
22,0.0,14
22,0.0,15
22,0.0,16
22,0.0,17
22,0.0,18
22,0.0,19
22,0.0,20
22,0.0,21
22,0.0,22
22,0.0,23
22,0.0,24
22,0.0,0
22,0.0,1
22,0.0,2
22,0.0,3
22,0.0,4
22,0.0,5
22,0.0,6
22,0.0,7
22,0.0,8
22,0.0,9
22,0.0,10
22,0.0,11
22,0.0,12
22,0.0,13
22,0.0,14
22,0.0,15
22,0.0,16
22,0.0,17
22,0.0,18
22,0.0,19
22,0.0,20
22,0.0,21
22,0.0,22
22,0.0,23
22,0.0,24
23,0.0,0
23,0.0,1
23,0.0,2
23,0.0,3
23,0.0,4
23,0.0,5
23,0.0,6
23,0.0,7
23,0.0,8
23,0.0,9
23,0.0,10
23,0.0,11
23,0.0,12
23,0.0,13
23,0.0,14
23,0.0,15
23,0.0,16
23,0.0,17
23,0.0,18
23,0.0,19
23,0.0,20
23,0.0,21
23,0.0,22
23,0.0,23
23,0.0,24
23,0.0,0
23,0.0,1
23,0.0,2
23,0.0,3
23,0.0,4
23,0.0,5
23,0.0,6
23,0.0,7
23,0.0,8
23,0.0,9
23,0.0,10
23,0.0,11
23,0.0,12
23,0.0,13
23,0.0,14
23,0.0,15
23,0.0,16
23,0.0,17
23,0.0,18
23,0.0,19
23,0.0,20
23,0.0,21
23,0.0,22
23,0.0,23
23,0.0,24
23,0.0,0
23,0.0,1
23,0.0,2
23,0.0,3
23,0.0,4
23,0.0,5
23,0.0,6
23,0.0,7
23,0.0,8
23,0.0,9
23,0.0,10
23,0.0,11
23,0.0,12
23,0.0,13
23,0.0,14
23,0.0,15
23,0.0,16
23,0.0,17
23,0.0,18
23,0.0,19
23,0.0,20
23,0.0,21
23,0.0,22
23,0.0,23
23,0.0,24
23,0.0,0
23,0.0,1
23,0.0,2
23,0.0,3
23,0.0,4
23,0.0,5
23,0.0,6
23,0.0,7
23,0.0,8
23,0.0,9
23,0.0,10
23,0.0,11
23,0.0,12
23,0.0,13
23,0.0,14
23,0.0,15
23,0.0,16
23,0.0,17
23,0.0,18
23,0.0,19
23,0.0,20
23,0.0,21
23,0.0,22
23,0.0,23
23,0.0,24
23,0.0,0
23,0.0,1
23,0.0,2
23,0.0,3
23,0.0,4
23,0.0,5
23,0.0,6
23,0.0,7
23,0.0,8
23,0.0,9
23,0.0,10
23,0.0,11
23,0.0,12
23,0.0,13
23,0.0,14
23,0.0,15
23,0.0,16
23,0.0,17
23,0.0,18
23,0.0,19
23,0.0,20
23,0.0,21
23,0.0,22
23,0.0,23
23,0.0,24
23,0.0,0
23,0.0,1
23,0.0,2
23,0.0,3
23,0.0,4
23,0.0,5
23,0.0,6
23,0.0,7
23,0.0,8
23,0.0,9
23,0.0,10
23,0.0,11
23,0.0,12
23,0.0,13
23,0.0,14
23,0.0,15
23,0.0,16
23,0.0,17
23,0.0,18
23,0.0,19
23,0.0,20
23,0.0,21
23,0.0,22
23,0.0,23
23,0.0,24
23,0.0,0
23,0.0,1
23,0.0,2
23,0.0,3
23,0.0,4
23,0.0,5
23,0.0,6
23,0.0,7
23,0.0,8
23,0.0,9
23,0.0,10
23,0.0,11
23,0.0,12
23,0.0,13
23,0.0,14
23,0.0,15
23,0.0,16
23,0.0,17
23,0.0,18
23,0.0,19
23,0.0,20
23,0.0,21
23,0.0,22
23,0.0,23
23,0.0,24
23,0.0,0
23,0.0,1
23,0.0,2
23,0.0,3
23,0.0,4
23,0.0,5
23,0.0,6
23,0.0,7
23,0.0,8
23,0.0,9
23,0.0,10
23,0.0,11
23,0.0,12
23,0.0,13
23,0.0,14
23,0.0,15
23,0.0,16
23,0.0,17
23,0.0,18
23,0.0,19
23,0.0,20
23,0.0,21
23,0.0,22
23,0.0,23
23,0.0,24
23,0.0,0
23,0.0,1
23,0.0,2
23,0.0,3
23,0.0,4
23,0.0,5
23,0.0,6
23,0.0,7
23,0.0,8
23,0.0,9
23,0.0,10
23,0.0,11
23,0.0,12
23,0.0,13
23,0.0,14
23,0.0,15
23,0.0,16
23,0.0,17
23,0.0,18
23,0.0,19
23,0.0,20
23,0.0,21
23,0.0,22
23,0.0,23
23,0.0,24
23,0.0,0
23,0.0,1
23,0.0,2
23,0.0,3
23,0.0,4
23,0.0,5
23,0.0,6
23,0.0,7
23,0.0,8
23,0.0,9
23,0.0,10
23,0.0,11
23,0.0,12
23,0.0,13
23,0.0,14
23,0.0,15
23,0.0,16
23,0.0,17
23,0.0,18
23,0.0,19
23,0.0,20
23,0.0,21
23,0.0,22
23,0.0,23
23,0.0,24
24,0.0,0
24,0.0,1
24,0.0,2
24,0.0,3
24,0.0,4
24,0.0,5
24,0.0,6
24,0.0,7
24,0.0,8
24,0.0,9
24,0.0,10
24,0.0,11
24,0.0,12
24,0.0,13
24,0.0,14
24,0.0,15
24,0.0,16
24,0.0,17
24,0.0,18
24,0.0,19
24,0.0,20
24,0.0,21
24,0.0,22
24,0.0,23
24,0.0,24
24,0.0,0
24,0.0,1
24,0.0,2
24,0.0,3
24,0.0,4
24,0.0,5
24,0.0,6
24,0.0,7
24,0.0,8
24,0.0,9
24,0.0,10
24,0.0,11
24,0.0,12
24,0.0,13
24,0.0,14
24,0.0,15
24,0.0,16
24,0.0,17
24,0.0,18
24,0.0,19
24,0.0,20
24,0.0,21
24,0.0,22
24,0.0,23
24,0.0,24
24,0.0,0
24,0.0,1
24,0.0,2
24,0.0,3
24,0.0,4
24,0.0,5
24,0.0,6
24,0.0,7
24,0.0,8
24,0.0,9
24,0.0,10
24,0.0,11
24,0.0,12
24,0.0,13
24,0.0,14
24,0.0,15
24,0.0,16
24,0.0,17
24,0.0,18
24,0.0,19
24,0.0,20
24,0.0,21
24,0.0,22
24,0.0,23
24,0.0,24
24,0.0,0
24,0.0,1
24,0.0,2
24,0.0,3
24,0.0,4
24,0.0,5
24,0.0,6
24,0.0,7
24,0.0,8
24,0.0,9
24,0.0,10
24,0.0,11
24,0.0,12
24,0.0,13
24,0.0,14
24,0.0,15
24,0.0,16
24,0.0,17
24,0.0,18
24,0.0,19
24,0.0,20
24,0.0,21
24,0.0,22
24,0.0,23
24,0.0,24
24,0.0,0
24,0.0,1
24,0.0,2
24,0.0,3
24,0.0,4
24,0.0,5
24,0.0,6
24,0.0,7
24,0.0,8
24,0.0,9
24,0.0,10
24,0.0,11
24,0.0,12
24,0.0,13
24,0.0,14
24,0.0,15
24,0.0,16
24,0.0,17
24,0.0,18
24,0.0,19
24,0.0,20
24,0.0,21
24,0.0,22
24,0.0,23
24,0.0,24
24,0.0,0
24,0.0,1
24,0.0,2
24,0.0,3
24,0.0,4
24,0.0,5
24,0.0,6
24,0.0,7
24,0.0,8
24,0.0,9
24,0.0,10
24,0.0,11
24,0.0,12
24,0.0,13
24,0.0,14
24,0.0,15
24,0.0,16
24,0.0,17
24,0.0,18
24,0.0,19
24,0.0,20
24,0.0,21
24,0.0,22
24,0.0,23
24,0.0,24
24,0.0,0
24,0.0,1
24,0.0,2
24,0.0,3
24,0.0,4
24,0.0,5
24,0.0,6
24,0.0,7
24,0.0,8
24,0.0,9
24,0.0,10
24,0.0,11
24,0.0,12
24,0.0,13
24,0.0,14
24,0.0,15
24,0.0,16
24,0.0,17
24,0.0,18
24,0.0,19
24,0.0,20
24,0.0,21
24,0.0,22
24,0.0,23
24,0.0,24
24,0.0,0
24,0.0,1
24,0.0,2
24,0.0,3
24,0.0,4
24,0.0,5
24,0.0,6
24,0.0,7
24,0.0,8
24,0.0,9
24,0.0,10
24,0.0,11
24,0.0,12
24,0.0,13
24,0.0,14
24,0.0,15
24,0.0,16
24,0.0,17
24,0.0,18
24,0.0,19
24,0.0,20
24,0.0,21
24,0.0,22
24,0.0,23
24,0.0,24
24,0.0,0
24,0.0,1
24,0.0,2
24,0.0,3
24,0.0,4
24,0.0,5
24,0.0,6
24,0.0,7
24,0.0,8
24,0.0,9
24,0.0,10
24,0.0,11
24,0.0,12
24,0.0,13
24,0.0,14
24,0.0,15
24,0.0,16
24,0.0,17
24,0.0,18
24,0.0,19
24,0.0,20
24,0.0,21
24,0.0,22
24,0.0,23
24,0.0,24
24,0.0,0
24,0.0,1
24,0.0,2
24,0.0,3
24,0.0,4
24,0.0,5
24,0.0,6
24,0.0,7
24,0.0,8
24,0.0,9
24,0.0,10
24,0.0,11
24,0.0,12
24,0.0,13
24,0.0,14
24,0.0,15
24,0.0,16
24,0.0,17
24,0.0,18
24,0.0,19
24,0.0,20
24,0.0,21
24,0.0,22
24,0.0,23
24,0.0,24
