loss,step,goal_pred_acc
4.164529,0,0.05178702
3.9816341,1,0.0440468
4.1094193,2,0.04213695
4.1501513,3,0.05837387
4.1446705,4,0.050212163
4.3163915,5,0.033333335
4.2502027,6,0.037117906
4.250991,7,0.05925926
3.9482,8,0.07356154
3.913452,9,0.07178394
4.094255,10,0.030258302
3.9992929,11,0.068814054
4.2181497,12,0.058238637
4.052869,13,0.05382436
4.1344643,14,0.048882686
4.251014,15,0.040029112
4.094826,16,0.03806735
3.7757695,17,0.046263345
3.8912303,18,0.066867016
4.0272403,19,0.07545839
3.970485,20,0.03946389
4.072213,21,0.048148148
3.78269,22,0.059303187
4.1616845,23,0.055223882
3.939314,24,0.043571427
3.7807114,25,0.049497847
3.7838907,26,0.079353414
3.7858098,27,0.062767476
3.784477,28,0.055837564
3.840865,29,0.05672727
3.7140076,30,0.064270906
3.687834,31,0.04625088
3.554084,32,0.045918368
3.9806228,33,0.068563096
3.825526,34,0.03846154
3.4977279,35,0.05864885
3.6078668,36,0.065126054
3.9849808,37,0.05239521
3.55333,38,0.0484115
3.655716,39,0.044411544
3.597803,40,0.073426574
3.656678,41,0.04772902
3.55108,42,0.051575933
3.5097249,43,0.052975327
3.8162746,44,0.048708487
3.5713248,45,0.0681302
3.5067918,46,0.052783802
3.658624,47,0.06054131
3.550339,48,0.064836
3.3566046,49,0.043196544
3.3123043,50,0.052047193
3.281397,51,0.07703383
3.6007726,52,0.06690909
3.2593234,53,0.074074075
3.266865,54,0.09064748
3.22492,55,0.055007055
3.1511579,56,0.04824259
3.2325616,57,0.04529116
3.3264873,58,0.07217262
3.1136153,59,0.05143277
3.3219714,60,0.045655377
3.2967753,61,0.060266294
3.2080526,62,0.05774648
3.0445886,63,0.063435495
3.287309,64,0.083333336
3.2029777,65,0.06480118
3.0434327,66,0.06315789
3.1704142,67,0.062134504
3.2299821,68,0.058414467
3.044583,69,0.053701017
3.0744421,70,0.05842697
3.046051,71,0.06402227
2.9359596,72,0.06402878
2.9572337,73,0.07439199
3.077415,74,0.0615496
2.8788073,75,0.07404796
3.0982184,76,0.06569343
2.9603553,77,0.07439825
3.0200632,78,0.06962457
2.9693205,79,0.056603774
2.8072333,80,0.07854545
2.9457324,81,0.08345428
3.0577574,82,0.053598776
2.900969,83,0.07049418
2.9532645,84,0.06676238
2.7279425,85,0.08321479
2.7698293,86,0.07816902
2.746146,87,0.068840586
2.7316468,88,0.050578035
2.7793195,89,0.085488506
2.883604,90,0.08381925
2.7243214,91,0.07423269
2.6169937,92,0.053546593
2.6368535,93,0.09007741
2.6416733,94,0.09090909
2.694991,95,0.045487896
2.5299847,96,0.07275321
2.5021472,97,0.058491897
2.4319932,98,0.08295626
2.713681,99,0.081497796
2.618647,100,0.0872093
2.3710284,101,0.090236686
2.5003247,102,0.093772896
2.4694843,103,0.075931236
2.4406815,104,0.104050286
2.4051003,105,0.08561151
2.4040036,106,0.08796622
2.3480923,107,0.093886465
2.3208206,108,0.07367668
2.4287093,109,0.10169491
2.3392413,110,0.09379509
2.1756048,111,0.10652174
2.4781218,112,0.087731816
2.3103452,113,0.118373275
2.2894917,114,0.09063671
2.2919042,115,0.11086957
2.380332,116,0.1139785
2.1403594,117,0.13323463
2.228275,118,0.103568934
2.1074977,119,0.15845825
2.2472436,120,0.11346549
2.1799355,121,0.12114696
2.040454,122,0.13902612
2.1563556,123,0.1387818
2.0685072,124,0.1322133
1.996532,125,0.124273255
1.9096698,126,0.14214993
1.8860612,127,0.13748191
2.0647485,128,0.1486676
2.0512195,129,0.17680743
2.0421827,130,0.13274983
1.9897687,131,0.16801174
1.9372305,132,0.15677656
1.9938688,133,0.16528925
1.9469745,134,0.15111111
1.7435455,135,0.21015516
1.8253435,136,0.16786744
1.850935,137,0.15071428
1.7772421,138,0.19635037
1.8633927,139,0.14416961
1.7474334,140,0.18794835
1.7446438,141,0.2014235
1.8912705,142,0.22031474
1.8119625,143,0.1698762
1.7390109,144,0.17134629
1.9108123,145,0.19487908
1.8052111,146,0.21490593
1.8258753,147,0.18495935
1.8861866,148,0.1847361
1.8018749,149,0.21315028
1.782562,150,0.2184874
1.6837002,151,0.22123237
1.5212936,152,0.22922637
1.5233663,153,0.24404332
1.6777778,154,0.2574893
1.5634813,155,0.24845149
1.5650463,156,0.24152848
1.5369791,157,0.28733033
1.4984725,158,0.27059713
1.5265626,159,0.26798823
1.4893737,160,0.26
1.512541,161,0.30035588
1.3986809,162,0.2770909
1.5117452,163,0.28931752
1.4288968,164,0.28955007
1.4949784,165,0.25610608
1.3779491,166,0.3621085
1.3236489,167,0.32393348
1.4219075,168,0.3182811
1.3674006,169,0.35952556
1.2409207,170,0.34805003
1.3491426,171,0.34634492
1.4145353,172,0.32627738
1.2754314,173,0.40170333
1.3138266,174,0.37742633
1.4615673,175,0.36588818
1.3298286,176,0.40290257
1.3185726,177,0.3950178
1.2341276,178,0.44615385
1.1790438,179,0.41900647
1.2462598,180,0.3662074
1.2404685,181,0.4368384
1.1362273,182,0.42032164
1.0522628,183,0.46244785
1.1384512,184,0.47329375
1.096056,185,0.48606148
1.0989078,186,0.47171196
1.2199645,187,0.4210909
1.0187658,188,0.52391464
1.1327487,189,0.46125996
1.2369131,190,0.44221106
1.1319714,191,0.51676387
1.0973676,192,0.5275762
1.0700673,193,0.53200567
1.1556593,194,0.52473867
1.0730505,195,0.5323902
1.0080669,196,0.55182487
1.0653573,197,0.5680391
1.0152022,198,0.5271493
1.0869935,199,0.5798859
1.1828545,200,0.56773746
1.2432532,201,0.55298245
1.3471825,202,0.57607925
1.2088585,203,0.62704307
1.2334312,204,0.610748
1.1865517,205,0.6382824
1.1206409,206,0.6007353
1.0498582,207,0.6474359
1.0803534,208,0.63523394
1.1010699,209,0.65421855
0.87669826,210,0.64468867
0.95189893,211,0.70036364
1.0376335,212,0.63496506
1.0126964,213,0.6738806
0.9460883,214,0.6965967
1.0190332,215,0.7147239
0.98064756,216,0.70946914
1.0426946,217,0.7017411
0.9851289,218,0.70674485
1.0999521,219,0.75092936
0.90964437,220,0.74130106
1.0409634,221,0.71742314
0.9947916,222,0.7480201
0.924399,223,0.7527513
0.9313691,224,0.78615916
0.9747423,225,0.7507184
0.88997513,226,0.77956617
0.91371113,227,0.7690037
0.9232693,228,0.8009845
0.82520866,229,0.79276085
0.8690622,230,0.7419847
0.83795565,231,0.8164006
0.91240835,232,0.7918455
0.9002066,233,0.7865249
0.8347886,234,0.8404864
0.8447566,235,0.8318584
0.88140386,236,0.82414305
0.9077239,237,0.86244845
0.88192177,238,0.84206694
0.8627315,239,0.8183129
0.86768854,240,0.85336196
0.876564,241,0.8443953
0.8558488,242,0.8771802
0.8650073,243,0.8502825
0.7594417,244,0.8648844
0.77761644,245,0.9014883
0.84115374,246,0.86022305
0.8831044,247,0.8735714
0.8034062,248,0.8636699
0.8233889,249,0.8751825
0.8350399,250,0.8810036
0.87608886,251,0.9054834
0.8126376,252,0.90156597
0.80906445,253,0.8855869
0.83802223,254,0.8897113
0.81341076,255,0.9002185
0.831453,256,0.9053764
0.89459497,257,0.90829057
0.8013342,258,0.89499307
0.83866936,259,0.9006575
0.7537785,260,0.92846924
0.8051853,261,0.94122136
0.8251885,262,0.89547807
0.8392742,263,0.9207082
0.8128835,264,0.87905604
0.7775725,265,0.9099291
0.90830123,266,0.91291934
0.8373366,267,0.909423
0.7912651,268,0.93577296
0.8464205,269,0.9201943
0.8234313,270,0.9062038
0.7836319,271,0.9319023
0.81581414,272,0.9079848
0.8317781,273,0.9266904
0.88863796,274,0.9287812
0.84507823,275,0.9573864
0.817208,276,0.9459264
0.81378466,277,0.9177778
0.81326556,278,0.916361
0.816172,279,0.94943017
0.81828064,280,0.93239224
0.85823023,281,0.9238295
0.7329478,282,0.9463277
0.8455132,283,0.95674485
0.76677346,284,0.92747253
0.84102124,285,0.9460642
0.8036253,286,0.9495549
0.90043795,287,0.93196785
0.84404165,288,0.9472603
0.82836384,289,0.96108407
0.7548449,290,0.9534368
0.80103767,291,0.9517638
0.7842265,292,0.9801419
0.80805,293,0.95636874
0.7033258,294,0.94051206
0.7559992,295,0.95577216
0.75574887,296,0.95965415
0.6878196,297,0.9656684
0.7450959,298,0.9593496
0.6864018,299,0.95607615
0.8017099,300,0.96117216
0.8078518,301,0.9755219
0.727833,302,0.9661368
0.7049597,303,0.9699301
0.73091024,304,0.9599126
0.71406025,305,0.9683591
0.8030351,306,0.96532595
0.69791174,307,0.975994
0.78092754,308,0.9676512
0.7425625,309,0.97613883
0.7569869,310,0.95767576
0.7401264,311,0.9756457
0.76557404,312,0.9672131
0.77593195,313,0.9647888
0.76271117,314,0.9798808
0.74023813,315,0.9675516
0.7604921,316,0.9792131
0.7595812,317,0.9793389
0.76727766,318,0.96290904
0.72972405,319,0.9687722
0.757967,320,0.9722222
0.7336076,321,0.962482
0.6913164,322,0.98796093
0.7419091,323,0.9560273
0.76854944,324,0.96425915
0.7050339,325,0.97822934
0.78631836,326,0.97938144
0.7155073,327,0.9738182
0.7059247,328,0.9648746
0.7697082,329,0.9555226
0.75418365,330,0.97034484
0.7494063,331,0.97927094
0.7856721,332,0.9682081
0.78630614,333,0.95120174
0.79515177,334,0.9725931
0.68401426,335,0.9774806
0.7088583,336,0.9533898
0.6740788,337,0.95968884
0.7610937,338,0.97159094
0.7217603,339,0.970128
0.7071242,340,0.9626524
0.8103579,341,0.9549815
0.74609643,342,0.9651416
0.7635587,343,0.9574468
0.7692209,344,0.9778729
0.7429822,345,0.94971263
0.7134118,346,0.9549483
0.7880457,347,0.94728917
0.7182511,348,0.98333335
0.63821334,349,0.9765684
0.667875,350,0.96549135
0.7026341,351,0.9641873
0.7074031,352,0.9743025
0.8005101,353,0.97159094
0.7778836,354,0.9719692
0.7547577,355,0.9732272
0.75049216,356,0.9827958
0.7376588,357,0.9614836
0.77679896,358,0.9607293
0.72149944,359,0.9703971
0.7729833,360,0.9719692
0.74127066,361,0.970128
0.74465334,362,0.9714286
0.73509467,363,0.98219585
0.6686333,364,0.9688889
0.7457836,365,0.97244376
0.7403802,366,0.9829377
0.728299,367,0.9598567
0.7451433,368,0.9750916
0.75042695,369,0.96939504
0.7477427,370,0.9609023
0.6710722,371,0.97779375
0.75507206,372,0.98355037
0.6880138,373,0.96405923
0.7025454,374,0.9826715
0.6601035,375,0.9777459
0.6858544,376,0.9842969
0.7097696,377,0.9697406
0.72716564,378,0.9645283
0.75618166,379,0.97207934
0.69068384,380,0.9768583
0.7628283,381,0.97020346
0.68348104,382,0.9731259
0.6962144,383,0.98584205
0.739477,384,0.96173656
0.71532035,385,0.97930527
0.67372054,386,0.9784173
0.68562627,387,0.9773723
0.7017007,388,0.97815
0.633836,389,0.9762076
0.7184196,390,0.97555715
0.64046943,391,0.9782766
0.6519177,392,0.9755539
0.64250445,393,0.96757555
0.69965535,394,0.9825297
0.6742345,395,0.97148967
0.74301565,396,0.98050976
0.6999346,397,0.9739584
0.6809349,398,0.97455096
0.627556,399,0.9860465
0.6621203,400,0.97442985
0.7167024,401,0.9859778
0.6935219,402,0.96562266
0.682501,403,0.9773352
0.63650244,404,0.9879774
0.6258555,405,0.97645324
0.6573144,406,0.9879004
0.69262034,407,0.9646017
0.6464308,408,0.9765396
0.67778003,409,0.9882006
0.6999733,410,0.97106826
0.68412334,411,0.97120225
0.70349574,412,0.97895503
0.68932104,413,0.98082596
0.7105734,414,0.9704849
0.6990161,415,0.9802198
0.6576463,416,0.9805895
0.6923533,417,0.9891305
0.69228995,418,0.9874477
0.6834587,419,0.9778571
0.6776168,420,0.97434074
0.6595747,421,0.9866171
0.68029237,422,0.97544646
0.62148577,423,0.97514623
0.68597186,424,0.9843284
0.62908727,425,0.9871612
0.66948164,426,0.9853455
0.66253686,427,0.9837685
0.6538737,428,0.9916725
0.6534819,429,0.98736995
0.6456656,430,0.9826268
0.7022604,431,0.9798416
0.65132344,432,0.98709685
0.644899,433,0.9917479
0.6616363,434,0.983871
0.67155296,435,0.9888724
0.6385352,436,0.98721594
0.642297,437,0.98813057
0.66584635,438,0.974035
0.621443,439,0.9891853
0.64839005,440,0.9886605
0.68047684,441,0.9854651
0.60066074,442,0.98130846
0.66208416,443,0.9867841
0.6551094,444,0.9888724
0.644663,445,0.974035
0.62383384,446,0.9921708
0.5958053,447,0.9871891
0.6002056,448,0.9893692
0.64364547,449,0.98575497
0.6244203,450,0.9661908
0.62348425,451,0.9943302
0.6585055,452,0.9786932
0.6281612,453,0.983688
0.6183159,454,0.9862175
0.599296,455,0.98630136
0.68953055,456,0.98746514
0.6169286,457,0.9878571
0.63091767,458,0.98395336
0.65807873,459,0.9943101
0.59658086,460,0.9883297
0.7297761,461,0.99771863
0.6460317,462,0.9872085
0.65631086,463,0.9929726
0.6654709,464,0.9854121
0.63760966,465,0.98813057
0.6424782,466,0.98838896
0.58615535,467,0.98736995
0.6085834,468,0.9867841
0.61464405,469,0.99061376
0.6113669,470,0.9841498
0.5684168,471,0.99202317
0.60049295,472,0.9880686
0.60899365,473,0.98411554
0.5791216,474,0.9863897
0.62245166,475,0.98640484
0.6632973,476,0.9896194
0.6405403,477,0.9880113
0.6216801,478,0.99426115
0.59170926,479,0.9948148
0.6564978,480,0.98446745
0.62229294,481,0.98920864
0.6112054,482,0.9938603
0.61469084,483,0.9794118
0.6280984,484,0.98897064
0.68322027,485,0.9835943
0.62386507,486,0.99102473
0.6348505,487,0.9971015
0.6145749,488,0.9866291
0.6003306,489,0.987225
0.70761573,490,0.9943383
0.61326504,491,0.9956173
0.6071166,492,0.9926686
0.5782782,493,0.9880864
0.64829475,494,0.99290276
0.6473069,495,0.99443287
0.6985947,496,0.987106
0.7329674,497,0.9749652
0.7180481,498,0.9882612
0.6989774,499,0.9951083
0.66597533,500,0.99628526
0.70013237,501,0.9985348
0.69427323,502,0.98920864
0.6726671,503,0.9949677
0.65680945,504,0.9896623
0.6533052,505,0.9918699
0.63890624,506,0.9883212
0.58398813,507,0.9948033
0.6296147,508,0.9905386
0.6674879,509,0.98496777
0.66988885,510,0.9834483
0.6022421,511,0.9948868
0.5947588,512,0.9904971
0.5783588,513,0.9874816
0.65385365,514,0.9916376
0.60605437,515,0.98888063
0.6246473,516,0.99857754
0.6264659,517,0.9963504
0.6100132,518,0.98090523
0.64136565,519,0.994257
0.5671676,520,0.99120235
0.5703216,521,0.98756045
0.57212293,522,0.9985218
0.658789,523,0.9824047
0.5942755,524,0.9882353
0.6479874,525,0.9871535
0.6122297,526,0.9894958
0.6381699,527,0.9864865
0.56620604,528,0.99061376
0.5491623,529,0.98653704
0.7010843,530,0.9887482
0.6046929,531,0.99327856
0.58040285,532,0.99247557
0.6397796,533,0.9847162
0.54032546,534,0.9879262
0.60037446,535,0.9910837
0.6148415,536,0.9867872
0.61758405,537,0.9886444
0.6138752,538,0.9904971
0.57442284,539,0.98557
0.61273617,540,0.978022
0.5960117,541,0.98788315
0.621102,542,0.99561083
0.56312287,543,0.9948605
0.58051115,544,0.9927272
0.6063557,545,0.9927378
0.5908443,546,0.99177265
0.57354486,547,0.9916376
0.5983604,548,0.9924295
0.5753511,549,0.9933481
0.5821297,550,0.9936975
0.5877146,551,0.9901409
0.57064664,552,0.99240696
0.6330666,553,0.9924925
0.61047924,554,0.99039173
0.6221382,555,0.9949713
0.6502417,556,0.9902778
0.6538113,557,0.9941691
0.6479705,558,0.98324025
0.6728853,559,0.99495673
0.6844148,560,0.99263084
0.7009549,561,0.98775214
0.7272649,562,0.99189985
0.7839576,563,0.9910314
0.7856359,564,0.99626034
0.78901184,565,0.98936176
0.7119296,566,0.9928316
0.6743084,567,0.98248076
0.6708825,568,0.9897885
0.7218743,569,0.9919414
0.6982655,570,0.9921708
0.7138881,571,0.9977376
0.70739347,572,0.99575067
0.7054689,573,0.9985896
0.73096085,574,0.9892704
0.5922105,575,0.99348766
0.72842073,576,0.98634076
0.5959954,577,0.9906609
0.6417854,578,0.9919473
0.66206175,579,0.99214286
0.66932887,580,0.99723375
0.6031321,581,0.9879519
0.6407587,582,0.99490905
0.6783143,583,0.9910581
0.6452322,584,0.98718864
0.68526137,585,0.99497485
0.7224138,586,0.97241867
0.64146364,587,0.98955226
0.69474375,588,0.9929824
0.68341994,589,0.9941691
0.6003294,590,0.9867319
0.63006926,591,0.99416065
0.64932257,592,0.9785912
0.66509324,593,0.9851852
0.61174023,594,0.99634504
0.6773418,595,0.9861879
0.66062105,596,0.98858774
0.63738114,597,0.99854124
0.63153887,598,0.9963343
0.6612935,599,0.9888971
0.6076017,600,0.9904271
0.60643786,601,0.9926847
0.6094194,602,0.9956958
0.6384832,603,0.99637944
0.59306324,604,0.98875564
0.6495737,605,0.98932385
0.6329771,606,0.9909534
0.6143418,607,0.98920083
0.598688,608,0.9920058
0.5241448,609,0.9977811
0.64293283,610,0.9972184
0.5708955,611,0.9915671
0.57118094,612,0.99421126
0.6059381,613,0.98544395
0.6584291,614,0.9969651
0.59301794,615,0.99563634
0.6076986,616,0.99367535
0.5849446,617,0.991453
0.570648,618,0.9970436
0.59358776,619,0.9902166
0.6061797,620,0.9956616
0.5752598,621,0.9964614
0.59452116,622,0.9915552
0.65649366,623,0.99397135
0.5706356,624,0.99069434
0.61838245,625,0.98902607
0.5929348,626,0.9891931
0.60804117,627,0.9927272
0.5670495,628,0.9943623
0.6101312,629,0.997114
0.6226491,630,0.98829556
0.608368,631,0.99616563
0.61333096,632,0.9918276
0.57811934,633,0.99857754
0.63183296,634,0.9957235
0.5691285,635,0.99642855
0.57357323,636,0.9951049
0.6240788,637,0.9898771
0.5878253,638,0.98965263
0.6322798,639,0.99164766
0.637544,640,0.9964158
0.61783856,641,0.9904971
0.6084526,642,0.9977662
0.5509218,643,0.9963289
0.5762635,644,0.99142855
0.6262386,645,0.99403876
0.6398165,646,0.9934498
0.59222376,647,0.99568963
0.6166588,648,0.9895053
0.6110203,649,0.9880618
0.6074171,650,0.9903704
0.5702826,651,1.0
0.6198843,652,0.98876405
0.6246239,653,0.99633163
0.6480013,654,0.9947994
0.6633466,655,0.9879433
0.59378046,656,0.991298
0.6300595,657,0.9977729
0.5904805,658,0.9907539
0.5751308,659,0.9978292
0.62629807,660,1.0
0.60301733,661,0.9918216
0.5689441,662,0.9920174
0.5720513,663,0.99571425
0.5738711,664,0.99418604
0.65901405,665,0.9957447
0.58259755,666,0.9948225
0.5822824,667,0.9934114
0.5790524,668,0.99434626
0.6132197,669,0.99493486
0.5916418,670,0.992785
0.5728094,671,0.99634236
0.602182,672,0.99354845
0.566488,673,0.995702
0.6223174,674,0.9978933
0.6211545,675,0.99497485
0.5789354,676,0.9985086
0.6333824,677,0.9963557
0.60962176,678,0.9911373
0.64319223,679,0.9943741
0.76956105,680,0.99214286
0.75900245,681,0.9913793
0.82447505,682,0.99779737
0.8857186,683,0.99218196
0.8641784,684,0.9902913
0.90186465,685,0.996382
0.84310377,686,0.99781185
0.96227694,687,0.9927798
0.9278241,688,0.99552906
0.86970156,689,0.99367535
0.928801,690,0.99512535
0.8026408,691,0.99427754
0.72252107,692,0.9977169
0.7052705,693,0.98876405
0.6371756,694,0.9965326
0.6896385,695,0.98058254
0.66188943,696,0.994898
0.651985,697,0.99540937
0.68796456,698,0.9891461
0.67450637,699,1.0
0.66905034,700,0.993007
0.7354715,701,0.9971388
0.7599318,702,0.99132943
0.7586476,703,0.98866856
0.76456356,704,0.9963477
0.75403327,705,0.9914954
0.77699375,706,0.989011
0.69868106,707,0.98776096
0.7243383,708,0.9936351
0.71921915,709,0.99567723
0.65022624,710,0.9917293
0.647517,711,0.99851304
0.6705133,712,0.98577845
0.68498415,713,0.98496777
0.68337905,714,0.9924528
0.6408149,715,0.99705666
0.6867683,716,0.9955556
0.63427824,717,0.99706745
0.6121759,718,0.9893617
0.6777326,719,0.9941776
0.6198648,720,0.9957387
0.66561764,721,0.9857143
0.6023845,722,0.99191767
0.63185227,723,0.99785566
0.6850385,724,0.99197084
0.6649951,725,0.996299
0.7668473,726,0.9956044
0.8204341,727,0.9957687
0.8038401,728,0.9985316
0.8712696,729,0.99857956
0.89571106,730,0.9941903
0.948619,731,0.9936664
0.9273023,732,0.9911439
0.93002,733,0.99299234
0.96723866,734,0.99354845
0.99078494,735,0.9864383
0.8194523,736,0.99136066
0.88549995,737,0.99697435
0.990174,738,0.9956647
0.9035533,739,0.99925864
0.8884085,740,0.9916551
0.7745255,741,0.9949202
0.8034447,742,0.99558496
0.7971555,743,0.994382
0.7003804,744,0.994257
0.74330103,745,0.9964311
0.6897142,746,0.99136066
0.6458088,747,1.0
0.6665008,748,0.99580127
0.69340914,749,0.9892164
0.6678894,750,0.9985916
0.6276974,751,0.99718505
0.64640886,752,0.9985174
0.6022128,753,0.9956332
0.5686426,754,0.99856526
0.5882416,755,0.9970631
0.6135091,756,0.9948148
0.5908506,757,0.99238753
0.6047698,758,0.9956427
0.5862082,759,0.9948643
0.6799622,760,0.98930866
0.6289705,761,0.9950178
0.56255734,762,0.9985906
0.6378098,763,0.9971285
0.6198357,764,0.9921875
0.6723867,765,0.98917747
0.6123328,766,0.99421966
0.6370771,767,0.99475265
0.5919803,768,0.98994976
0.5667039,769,0.99406964
0.5980457,770,0.99857956
0.62674534,771,0.9926901
0.59544396,772,0.997093
0.60527444,773,0.997116
0.5449494,774,0.99555224
0.60056597,775,0.9985856
0.60983485,776,0.9949312
0.5751606,777,0.9985262
0.58943915,778,0.99406964
0.5832658,779,0.9933726
0.6154839,780,0.99115044
0.6617364,781,1.0
0.59292,782,0.9949677
0.62297785,783,0.99185187
0.59107745,784,0.9935205
0.60654086,785,0.99074733
0.5544904,786,0.99467677
0.55157334,787,0.997191
0.60540456,788,0.99639505
0.5938198,789,0.98965263
0.5906505,790,0.99493855
0.6402049,791,0.992554
0.56944185,792,0.994302
0.5265657,793,0.9915374
0.6053476,794,0.99558496
0.5960247,795,0.9928724
0.6563714,796,0.987398
0.61219877,797,0.9939577
0.61038905,798,0.99925977
0.5104088,799,0.99846506
0.61750627,800,0.99637157
0.644173,801,0.999262
0.5525377,802,0.99643874
0.59737676,803,0.996988
0.61334026,804,0.99929774
0.6163105,805,0.9957687
0.6247739,806,0.9978054
0.5806806,807,0.9862019
0.55213314,808,0.9911308
0.6157969,809,0.9918759
0.5881307,810,0.9898551
0.56923777,811,0.9872702
0.5784379,812,0.99040586
0.53324634,813,0.9971388
0.6291089,814,0.99170697
0.62162244,815,1.0
0.59924686,816,0.99140406
0.6198571,817,0.99643624
0.57507104,818,0.9985391
0.6237392,819,0.989301
0.61057043,820,0.98870856
0.546327,821,0.9936931
0.57572687,822,0.99351585
0.5829932,823,0.995539
0.5463749,824,0.99707174
0.5549524,825,0.99478
0.5684884,826,0.9935714
0.6100545,827,0.9948793
0.6300405,828,0.9963583
0.64081246,829,0.9923077
0.5336704,830,0.9949422
0.5302531,831,0.99626034
0.60369164,832,0.9965181
0.5989878,833,0.9978198
0.5666804,834,0.98559076
0.58890784,835,0.9964614
0.61417216,836,0.9969789
0.5702131,837,0.9992674
0.5370167,838,0.9985141
0.60151595,839,0.98602945
0.6057809,840,0.9979196
0.57182235,841,0.99352986
0.54203767,842,0.99421966
0.57751137,843,0.99784636
0.561255,844,0.99358976
0.5605432,845,0.9933872
0.55308825,846,0.9992748
0.5906454,847,0.99858654
0.5915526,848,0.9928316
0.5841505,849,0.9913044
0.53792214,850,0.9956205
0.58646715,851,0.9971015
0.5889551,852,0.9971571
0.5874916,853,0.9957924
0.5755044,854,0.9935065
0.5591396,855,0.998503
0.57708687,856,0.993994
0.5444769,857,0.9977761
0.6115319,858,0.9929874
0.56873703,859,0.9947917
0.5449356,860,0.99715304
0.55363244,861,0.99418604
0.56057024,862,0.9985745
0.51917654,863,0.98992807
0.59380263,864,0.9935714
0.67188793,865,0.99386495
0.5701226,866,0.9919058
0.5990988,867,0.995509
0.56106347,868,0.9957627
0.6055952,869,0.99860436
0.58861786,870,0.9963925
0.58932656,871,0.99568343
0.5787026,872,0.9912409
0.5679299,873,0.9931224
0.62398267,874,0.997197
0.62733734,875,0.9914954
0.58211064,876,0.9937282
0.6524667,877,0.99570507
0.57238764,878,0.99851525
0.65287954,879,0.98976105
0.536225,880,0.9939256
0.56942075,881,0.9957387
0.5737823,882,0.9954989
0.59490603,883,0.9920977
0.5901137,884,0.99260354
0.5929917,885,0.9941349
0.53987193,886,0.9971056
0.5733088,887,1.0
0.542932,888,0.99707603
0.5288701,889,0.9992459
0.5566803,890,0.99493855
0.56691754,891,0.99712646
0.5766771,892,0.99786025
0.5660211,893,0.9921204
0.5913251,894,0.9879944
0.5553123,895,0.9956647
0.5512605,896,0.99502134
0.5831797,897,0.992785
0.5684185,898,0.9992748
0.579857,899,0.99339694
0.5480582,900,0.9978992
0.55778515,901,0.9986149
0.5156106,902,1.0
0.5215183,903,0.9944095
0.5512014,904,0.99580127
0.5622953,905,0.9934924
0.5182831,906,0.9970951
0.54229635,907,0.99850076
0.5480676,908,0.99928373
0.48089123,909,0.9978022
0.5696309,910,0.99707174
0.5790978,911,0.9951857
0.5564956,912,1.0
0.54392034,913,0.99513215
0.5327245,914,0.9946278
0.5567492,915,0.995842
0.5899285,916,0.9906743
0.5276128,917,1.0
0.52482516,918,0.9930021
0.52687734,919,0.9985196
0.5399756,920,0.99336773
0.4950071,921,0.99429387
0.5532102,922,0.99635303
0.5317147,923,0.99643624
0.55794555,924,0.99071425
0.5548276,925,0.998503
0.54042256,926,0.997799
0.5034792,927,1.0
0.50618225,928,0.9978648
0.53940725,929,0.9992852
0.540885,930,0.9929676
0.5515414,931,0.9922861
0.52307475,932,0.99546826
0.5333119,933,0.9940872
0.5948204,934,0.9912281
0.57768387,935,0.9985508
0.49710652,936,0.9937107
0.5598576,937,0.99341625
0.55637366,938,0.9898403
0.55112195,939,0.9942155
0.5567065,940,1.0
0.5590373,941,1.0
0.5715349,942,0.99354845
0.547457,943,0.9941306
0.60093284,944,0.9977909
0.535166,945,0.9962207
0.5283815,946,0.9947487
0.55668306,947,0.9923077
0.5794397,948,0.9948718
0.48776197,949,0.999262
0.5417784,950,0.99500716
0.58732927,951,0.99266326
0.4834438,952,0.996337
0.54766977,953,0.995699
0.54545784,954,0.9956459
0.5456766,955,0.9936664
0.5662094,956,0.99856526
0.5003326,957,0.9985433
0.5684496,958,0.99558496
0.5159148,959,0.992126
0.5479752,960,0.99856424
0.5677352,961,0.99
0.5348559,962,0.9985663
0.5171714,963,0.9985444
0.5566646,964,0.99429387
0.56818604,965,0.9972261
0.52531844,966,0.9992543
0.52801484,967,0.9970824
0.5462981,968,0.9887218
0.51318145,969,0.9977562
0.5425253,970,0.9992674
0.49403888,971,0.9930769
0.5174154,972,0.9978182
0.54618204,973,0.99695814
0.54405934,974,0.9971388
0.5383636,975,0.994257
0.5337765,976,0.9956741
0.54100794,977,0.9882759
0.51083046,978,1.0
0.49174985,979,0.994302
0.48292696,980,0.9934114
0.5385514,981,0.9963045
0.49510446,982,0.99714285
0.51202047,983,0.9978261
0.5270097,984,0.99781024
0.5590025,985,0.9915908
0.53074294,986,0.99132943
0.50777406,987,0.9934259
0.51464313,988,0.98960656
0.5733517,989,0.9948868
0.5404065,990,0.99999994
0.56830084,991,0.9970782
0.59348166,992,0.9957806
0.5695883,993,0.99489427
0.6415833,994,0.99269545
0.5726558,995,0.9850321
0.5448907,996,0.9943503
0.53442764,997,0.99630994
0.56366324,998,0.99628526
0.5311058,999,0.9953952
0.5582419,1000,0.99372387
0.497415,1001,0.9963847
0.51914454,1002,0.99782294
0.49035457,1003,0.99764895
0.49556264,1004,0.99570817
0.5235,1005,0.9963847
0.5265598,1006,0.9986159
0.546285,1007,0.99639505
0.57325846,1008,0.99362606
0.63952947,1009,0.997921
0.54324865,1010,0.9992453
0.5360408,1011,0.99483776
0.56738883,1012,0.99487555
0.6181564,1013,0.99717516
0.5358845,1014,0.9992748
0.5975275,1015,0.9927272
0.5723744,1016,0.99572647
0.5398193,1017,0.99653983
0.60159063,1018,0.99425286
0.5105306,1019,0.99707603
0.56032175,1020,0.99785566
0.51267916,1021,0.9985283
0.5351339,1022,0.99706095
0.54731995,1023,0.9936125
0.5259051,1024,0.99925596
0.54364866,1025,0.9926362
0.5483481,1026,0.9956741
0.49254233,1027,1.0
0.5336184,1028,0.9986245
0.53019583,1029,0.99786174
0.5440912,1030,0.99488306
0.53672177,1031,0.99648875
0.5305139,1032,0.99851084
0.57168317,1033,0.9992331
0.4981953,1034,0.996361
0.56076425,1035,0.99781346
0.49748743,1036,0.9971181
0.5081626,1037,0.9906272
0.5066073,1038,0.99854964
0.4872639,1039,0.9985316
0.48443776,1040,0.99925816
0.5409502,1041,1.0
0.55810595,1042,0.9937195
0.51443774,1043,0.99637944
0.5726137,1044,0.9978479
0.51109236,1045,0.997807
0.5610422,1046,0.9943263
0.51247835,1047,0.9912088
0.51622075,1048,0.99358976
0.5471743,1049,0.99699026
0.49407366,1050,0.99415207
0.48933408,1051,0.99424046
0.5067474,1052,0.996382
0.5578372,1053,0.996192
0.5987117,1054,0.9907539
0.5341469,1055,0.99928725
0.5128575,1056,0.9949892
0.54196,1057,1.0
0.55051756,1058,0.9992852
0.55234146,1059,0.9992877
0.5451067,1060,0.9900639
0.55617154,1061,0.99717915
0.5075442,1062,0.999257
0.51208097,1063,0.99628806
0.5648881,1064,0.99926686
0.5324761,1065,0.9939985
0.55459404,1066,0.9947249
0.5503202,1067,0.99700373
0.6254461,1068,0.98951054
0.59134454,1069,0.98945886
0.55911404,1070,0.997197
0.553518,1071,0.99104685
0.5431596,1072,0.99617153
0.5480602,1073,0.99367535
0.5539515,1074,0.99999994
0.5749742,1075,0.9986149
0.51304406,1076,0.9992504
0.5463566,1077,0.9977427
0.5747674,1078,0.9978292
0.47795045,1079,0.99636364
0.53507054,1080,0.9934783
0.59223974,1081,0.9985755
0.5588479,1082,0.9992642
0.5542687,1083,0.9912854
0.5851309,1084,1.0
0.5118648,1085,0.995649
0.54142064,1086,0.99339694
0.52797776,1087,0.99415636
0.5513438,1088,1.0
0.5218483,1089,0.99927115
0.5531927,1090,0.99501073
0.48255885,1091,0.99782765
0.54889643,1092,0.9965326
0.531255,1093,0.9928367
0.49475527,1094,0.9977595
0.5016121,1095,0.9977545
0.49741378,1096,0.99575967
0.46751088,1097,0.9949312
0.53131336,1098,0.99637944
0.493469,1099,0.99550563
0.51091975,1100,0.9956522
0.503304,1101,0.99485296
0.48372987,1102,0.9962935
0.5411169,1103,0.9963477
0.49937156,1104,0.99632084
0.5241126,1105,0.9972376
0.49158478,1106,0.9919883
0.51096267,1107,0.99559796
0.5805683,1108,0.98999286
0.5151198,1109,0.9972433
0.54004186,1110,0.9877961
0.51753926,1111,0.99641323
0.5588085,1112,0.9889426
0.5553857,1113,0.9992868
0.55663747,1114,0.9979167
0.541499,1115,0.99786025
0.49906877,1116,0.99279016
0.5525095,1117,0.99781185
0.5120942,1118,0.9985549
0.5006896,1119,0.9940075
0.500791,1120,0.9971929
0.5142819,1121,0.99781185
0.46796077,1122,1.0
0.5299792,1123,0.99641836
0.5114212,1124,0.9955719
0.4743885,1125,0.999278
0.48910633,1126,0.98831266
0.4899101,1127,0.9932534
0.5207867,1128,0.99857754
0.50860995,1129,0.9985856
0.51780957,1130,0.99867374
0.4606024,1131,0.9943503
0.5074048,1132,1.0
0.5114748,1133,0.99642086
0.4671209,1134,0.9969207
0.5098734,1135,0.9963262
0.46502188,1136,0.9992447
0.45553783,1137,0.99781024
0.48705143,1138,0.995649
0.48069787,1139,1.0
0.48786923,1140,1.0
0.4678618,1141,0.9931402
0.49312043,1142,0.9978308
0.4829849,1143,1.0
0.47998533,1144,0.9970305
0.48137158,1145,0.9926686
0.48684376,1146,0.9978166
0.48892593,1147,1.0
0.5256762,1148,0.99855906
0.50351226,1149,0.9985694
0.48159632,1150,0.99859643
0.50353396,1151,0.9964489
0.4809321,1152,0.992674
0.4510844,1153,1.0
0.48861438,1154,0.99571425
0.49095005,1155,0.99509805
0.4892167,1156,0.99851525
0.48297668,1157,0.99568343
0.49591523,1158,0.9963127
0.49411315,1159,0.9992743
0.4705467,1160,0.9956616
0.48249325,1161,0.99412626
0.50533897,1162,0.9955556
0.4682156,1163,0.99782294
0.52215606,1164,0.9978308
0.48866564,1165,0.9970216
0.55804,1166,0.99553573
0.5102585,1167,0.9971571
0.4767335,1168,0.99645394
0.46225396,1169,0.99455255
0.49449915,1170,0.9917418
0.5363122,1171,0.99715304
0.49427122,1172,0.9924699
0.47561568,1173,0.9993022
0.5228057,1174,0.997149
0.4919279,1175,0.9992918
0.49835512,1176,0.99705017
0.49077436,1177,0.9992658
0.53289056,1178,0.9897736
0.5025789,1179,0.99653983
0.49925616,1180,0.9985694
0.5635132,1181,0.99572647
0.62129456,1182,0.9964764
0.7021481,1183,0.9935623
0.66899014,1184,0.9963847
0.7291599,1185,0.99786025
0.71372586,1186,1.0
0.77032965,1187,0.99643874
0.72557765,1188,0.9978038
0.6509083,1189,0.99704576
0.7398681,1190,0.9977761
0.72265303,1191,0.9887976
0.76133627,1192,0.99544764
0.6863296,1193,0.9936664
0.6948663,1194,0.9978525
0.6649785,1195,0.9949165
0.6575515,1196,0.9917044
0.66423476,1197,0.9992722
0.61793244,1198,0.99189985
0.58267295,1199,0.9978448
0.6601718,1200,0.9923452
0.61289996,1201,0.99546146
0.64745224,1202,0.99296266
0.6127537,1203,0.99506
0.5483444,1204,0.99926037
0.60687643,1205,0.9957924
0.585109,1206,0.99567723
0.5654584,1207,0.9957537
0.65402347,1208,0.98853874
0.61370546,1209,0.99846977
0.5700014,1210,0.997786
0.5289254,1211,0.9949422
0.55962086,1212,0.9920977
0.5770382,1213,0.9985486
0.5562781,1214,0.9963557
0.5974689,1215,0.9949202
0.56849945,1216,0.99640024
0.56522346,1217,0.99490905
0.6037845,1218,1.0
0.5876941,1219,0.99781024
0.53663814,1220,0.9978433
0.5720062,1221,0.99928004
0.59218043,1222,0.9964813
0.5922047,1223,0.9970238
0.5631907,1224,0.99787086
0.52317953,1225,0.9992425
0.5618056,1226,0.998557
0.48946524,1227,0.9992554
0.5613687,1228,0.9920578
0.56821895,1229,0.9956332
0.5859151,1230,0.9942446
0.5329324,1231,1.0
0.57779235,1232,0.9943859
0.55897605,1233,0.9963925
0.54666364,1234,0.995671
0.5595532,1235,1.0
0.55810994,1236,0.9929726
0.5422021,1237,0.99429387
0.5158744,1238,0.9985423
0.5675359,1239,0.997114
0.52229196,1240,0.99705666
0.5870434,1241,0.99254286
0.5383248,1242,0.99930847
0.5036877,1243,0.9978355
0.5808131,1244,0.9977444
0.5359214,1245,0.9978038
0.54306066,1246,0.9929676
0.5616716,1247,0.9956616
0.54249245,1248,0.99568343
0.52107835,1249,0.9964464
0.5139751,1250,0.9957894
0.54759324,1251,0.997155
0.5258491,1252,0.99634504
0.5561171,1253,0.99926794
0.5710273,1254,0.99861115
0.55642986,1255,0.9963072
0.5299939,1256,0.9924585
0.55268574,1257,0.996337
0.5552619,1258,0.99572647
0.5088905,1259,0.9992543
0.5444125,1260,1.0
0.52191335,1261,0.9978724
0.5452725,1262,0.9963977
0.5288841,1263,0.9992806
0.5610349,1264,0.9970782
0.6000559,1265,0.9985019
0.54138976,1266,0.9985272
0.58835286,1267,0.9963847
0.54343504,1268,0.99057287
0.564045,1269,0.99851304
0.48859242,1270,0.9985465
0.52955866,1271,0.9986072
0.5341946,1272,0.99643624
0.5528188,1273,0.9970436
0.53717506,1274,0.99641836
0.5296726,1275,0.9914197
0.56320417,1276,1.0
0.5238593,1277,0.99846506
0.5529616,1278,0.9908836
0.5326598,1279,0.9965084
0.5304745,1280,0.99860144
0.53910005,1281,0.99851304
0.5462989,1282,0.9953344
0.55838364,1283,0.9992795
0.53828007,1284,0.99517906
0.5337723,1285,0.9985945
0.50867724,1286,1.0
0.5168846,1287,0.99405205
0.4984935,1288,0.99281096
0.51431745,1289,0.99567723
0.53231955,1290,1.0
0.5612079,1291,0.9908062
0.5283274,1292,0.99558824
0.5302311,1293,0.993737
0.56543505,1294,0.9964158
0.4961109,1295,0.9970392
0.5264557,1296,0.99628526
0.5846186,1297,0.9985229
0.51917887,1298,0.997093
0.5439561,1299,0.9971181
0.5813866,1300,0.9929907
0.61100286,1301,0.996361
0.5821568,1302,0.9978038
0.5958416,1303,0.99502134
0.61958313,1304,0.997155
0.5752413,1305,0.9949857
0.6058283,1306,0.99703705
0.6139464,1307,0.9985518
0.6164309,1308,0.9978355
0.61120015,1309,0.99504596
0.587866,1310,0.99710983
0.61207664,1311,0.99575067
0.57549274,1312,0.9978261
0.6083536,1313,0.9945318
0.6067261,1314,0.9985465
0.6032177,1315,0.994003
0.60897654,1316,0.9927431
0.5752686,1317,0.9978386
0.60615957,1318,0.99655646
0.5875721,1319,0.98822665
0.59764224,1320,0.9956427
0.5535288,1321,0.9930362
0.5513036,1322,0.995699
0.5323887,1323,0.9978694
0.5534609,1324,0.997116
0.5811766,1325,0.9971347
0.5633649,1326,0.99780864
0.53321195,1327,0.99645394
0.565273,1328,0.9985714
0.54795635,1329,0.9970888
0.6195716,1330,0.99484915
0.5605625,1331,0.9992743
0.5200864,1332,0.996337
0.5504629,1333,0.9978261
0.52544016,1334,0.99637157
0.5262983,1335,0.997116
0.49434632,1336,1.0
0.51208186,1337,0.9985185
0.52858436,1338,0.9969834
0.52504826,1339,0.99784017
0.6378745,1340,0.9930796
0.62582576,1341,0.992785
0.6794249,1342,0.9956332
0.7687092,1343,0.9949422
0.7952343,1344,0.99928266
0.79223776,1345,0.995699
0.84332913,1346,0.9958159
0.888529,1347,0.9978694
0.89309025,1348,0.9992663
0.8517435,1349,0.99777114
0.8449085,1350,0.9927483
0.95316654,1351,0.9949531
0.7249362,1352,1.0
0.9255274,1353,0.9978261
0.82255024,1354,0.9992857
0.85671663,1355,0.99708456
0.81226164,1356,0.99778926
0.77567667,1357,0.9951083
0.78056765,1358,0.9978245
0.7312312,1359,0.9992521
0.74196416,1360,0.9941435
0.6560874,1361,0.99788135
0.6310099,1362,0.994898
0.69479907,1363,0.9963847
0.6570304,1364,0.993576
0.6448478,1365,0.99709934
0.61931247,1366,0.99416065
0.6708903,1367,0.99929625
0.6097552,1368,0.99705666
0.57655674,1369,0.9993165
0.551536,1370,1.0
0.5968946,1371,0.999279
0.62118447,1372,0.9985539
0.6109029,1373,0.99930656
0.5611176,1374,0.9985765
0.5834439,1375,0.9985444
0.59775615,1376,0.9992464
0.56962967,1377,0.99515575
0.60134894,1378,0.9906205
0.5365461,1379,0.99780864
0.56337094,1380,0.99709725
0.5835378,1381,0.9933481
0.5502691,1382,0.9921541
0.5596654,1383,0.9957687
0.5988014,1384,0.9951989
0.5705147,1385,0.9977376
0.58168113,1386,0.9992748
0.5711113,1387,0.9941691
0.5500666,1388,0.9992764
0.5650353,1389,0.99717116
0.55769175,1390,1.0
0.5700253,1391,1.0
0.5606276,1392,0.99785864
0.56475633,1393,0.9941776
0.54529727,1394,0.9970803
0.50874674,1395,0.9992647
0.55777735,1396,0.9985486
0.5069429,1397,0.99864036
0.5929905,1398,0.9971571
0.58363754,1399,1.0
0.63219476,1400,0.99781185
0.6084196,1401,0.99421126
0.65560925,1402,1.0
0.6335239,1403,0.9924243
0.77668655,1404,0.9885291
0.66269475,1405,1.0
0.77433294,1406,0.9977444
0.81409156,1407,1.0
0.7574598,1408,0.9971591
0.78401047,1409,0.99573255
0.7553431,1410,0.9942363
0.7139562,1411,0.9985925
0.7592126,1412,0.9941691
0.8459395,1413,0.99497485
0.7978227,1414,0.9964764
0.786898,1415,0.9964337
0.66773814,1416,0.9934498
0.7519256,1417,0.9971285
0.72255933,1418,0.9898697
0.6877191,1419,0.9958819
0.7457778,1420,0.99572647
0.7379841,1421,0.9978678
0.7213192,1422,0.9971367
0.7503213,1423,0.99846506
0.7436172,1424,0.99726593
0.6913615,1425,0.9985724
0.6527924,1426,0.99280053
0.71189576,1427,1.0
0.6525995,1428,0.99928826
0.64255655,1429,0.99395317
0.6767929,1430,0.9978859
0.6330884,1431,0.99929875
0.6636158,1432,0.99653023
0.64341193,1433,0.9985465
0.6514095,1434,0.99783397
0.58820295,1435,0.99572045
0.60608494,1436,0.9992816
0.60582566,1437,0.9985185
0.5975233,1438,0.9917418
0.614315,1439,0.99929124
0.5255537,1440,0.9977909
0.57425064,1441,0.99922895
0.5310809,1442,1.0
0.60469776,1443,0.99852073
0.5574023,1444,0.9917293
0.5652546,1445,0.99299234
0.52452785,1446,0.99260354
0.5671927,1447,0.9942071
0.55894065,1448,0.9961832
0.59499544,1449,0.9985806
0.63553727,1450,0.9923822
0.631368,1451,0.99850076
0.7107842,1452,0.9956173
0.667721,1453,0.9963154
0.75235844,1454,0.999305
0.7453784,1455,0.9906272
0.7092844,1456,0.99648875
0.736734,1457,0.9943859
0.67613745,1458,0.99517244
0.6208313,1459,0.99713266
0.5779209,1460,0.99073416
0.61484087,1461,0.9962659
0.5883546,1462,0.99857956
0.5982805,1463,0.9992631
0.59040314,1464,0.9936034
0.6508738,1465,0.99729913
0.5741956,1466,0.9943142
0.666852,1467,0.997114
0.6386659,1468,1.0
0.597967,1469,0.99715304
0.7310626,1470,0.9955752
0.6692666,1471,0.9963899
0.7141612,1472,0.9957894
0.6813073,1473,0.9925373
0.67274535,1474,0.9977729
0.695653,1475,0.9978448
0.74841154,1476,0.9932936
0.7747677,1477,0.99929875
0.7577415,1478,0.9921204
0.7616768,1479,0.999278
0.8398268,1480,0.9943101
0.75500005,1481,1.0
0.7742437,1482,0.9985945
0.73129785,1483,0.9937305
0.78459305,1484,0.9970238
0.76083106,1485,0.99652296
0.7206823,1486,0.99782294
0.80580306,1487,0.9905933
0.65902334,1488,0.99640286
0.6199074,1489,0.9957924
0.6016232,1490,0.99999994
0.60824674,1491,0.99927694
0.6217099,1492,1.0
0.6397671,1493,0.9963045
0.63049406,1494,0.9992696
0.61543775,1495,0.9971632
0.60206735,1496,0.99929583
0.619732,1497,0.9945168
0.6808859,1498,0.99643874
0.6555877,1499,0.9950565
0.6257291,1500,0.99925923
0.60349697,1501,0.99004596
0.65518636,1502,0.9963045
0.59425426,1503,0.999269
0.6175101,1504,0.99860823
0.63392454,1505,0.9964235
0.619133,1506,1.0
0.60757136,1507,0.99783397
0.62235284,1508,0.9992764
0.61744046,1509,0.99558496
0.5864599,1510,0.9934211
0.6019224,1511,0.9992748
0.65335864,1512,0.99652535
0.6057451,1513,0.9963477
0.5696569,1514,0.99483013
0.59442997,1515,0.99306995
0.59380597,1516,0.9971347
0.56267524,1517,1.0
0.62655026,1518,0.9945694
0.6049379,1519,0.99709725
0.5870196,1520,0.9957924
0.5766511,1521,0.9964813
0.5423052,1522,0.99405646
0.55612683,1523,0.9985444
0.56711465,1524,0.99787086
0.6003723,1525,0.99479556
0.5576139,1526,0.9971388
0.538038,1527,0.99403876
0.5812823,1528,0.9949892
0.5601602,1529,0.9904762
0.569341,1530,0.9949964
0.5123693,1531,0.99695355
0.54319406,1532,0.99777776
0.54321855,1533,0.9992754
0.54748666,1534,0.9984872
0.55815834,1535,0.9992663
0.5754365,1536,0.99597317
0.54776824,1537,0.9951083
0.5079002,1538,0.9941818
0.56635094,1539,0.99333334
0.55918086,1540,0.997155
0.5641072,1541,0.9957894
0.60620195,1542,0.99926144
0.4921997,1543,0.997114
0.53400564,1544,0.9978694
0.5468492,1545,0.99554896
0.5451391,1546,0.9955752
0.5278992,1547,0.9962963
0.55134386,1548,0.9985601
0.5590056,1549,0.9964614
0.54377913,1550,0.99346405
0.5489039,1551,0.99640805
0.56722367,1552,0.99782133
0.5095307,1553,0.99706745
0.56721836,1554,0.99640805
0.5760472,1555,0.99405646
0.5172969,1556,0.99570507
0.53758734,1557,0.99633163
0.54079837,1558,0.99858856
0.50962746,1559,0.9978495
0.5345251,1560,0.9932076
0.5417034,1561,0.99493486
0.52237517,1562,0.99928725
0.55973804,1563,0.99789774
0.54650456,1564,0.99630994
0.48570356,1565,0.999269
0.4993182,1566,1.0
0.555015,1567,1.0
0.5199435,1568,0.99500716
0.53131723,1569,1.0
0.5037684,1570,0.9977957
0.55291915,1571,0.993921
0.5502471,1572,0.9888734
0.5579282,1573,0.9978433
0.56598556,1574,0.9985518
0.5485167,1575,0.9918819
0.5293611,1576,0.9992821
0.5223278,1577,0.99636894
0.5856131,1578,0.98936176
0.53662467,1579,0.99561405
0.5101368,1580,0.997151
0.5002537,1581,1.0
0.55932885,1582,0.9978308
0.5417565,1583,0.9964764
0.5704362,1584,0.9935205
0.5121123,1585,0.9970888
0.54955983,1586,0.9993061
0.573594,1587,0.9978694
0.535436,1588,1.0
0.5734351,1589,0.9992658
0.52154094,1590,0.99926686
0.4924377,1591,0.99701715
0.53863317,1592,0.99712646
0.5407233,1593,0.994964
0.56355923,1594,0.9985735
0.5600354,1595,0.9956958
0.5480879,1596,0.99999994
0.5336605,1597,0.9971202
0.5580228,1598,0.99931324
0.63907224,1599,0.9992938
0.62796444,1600,0.9964464
0.5873732,1601,0.9932635
0.64443225,1602,1.0
0.6536129,1603,0.9971306
0.56743264,1604,0.9970414
0.62704736,1605,0.9964438
0.591492,1606,0.995067
0.58475,1607,0.9922861
0.56698537,1608,0.99927694
0.5939624,1609,0.99235576
0.6108463,1610,0.9920463
0.61426103,1611,0.9970888
0.58326304,1612,0.98709685
0.6397944,1613,0.9933775
0.5672077,1614,0.9948033
0.5859855,1615,0.9891068
0.5651035,1616,0.99642855
0.58439976,1617,0.9972622
0.5381212,1618,0.9985622
0.5221901,1619,0.9972125
0.5730245,1620,0.9934307
0.46901584,1621,0.9956459
0.5355647,1622,0.9962935
0.52818304,1623,0.9949165
0.47241133,1624,0.9972125
0.5541992,1625,0.99558175
0.5270238,1626,0.9986604
0.53996736,1627,0.9977761
0.50573766,1628,0.9977341
0.50673574,1629,0.9941133
0.5154468,1630,0.9985423
0.5382516,1631,0.997155
0.55159396,1632,0.9971244
0.5877882,1633,0.99454296
0.5411827,1634,0.9992459
0.5740356,1635,0.992377
0.5384028,1636,0.9977876
0.5512833,1637,0.99779737
0.5158391,1638,0.99504954
0.523351,1639,1.0
0.6114662,1640,0.9993108
0.61441755,1641,1.0
0.73192674,1642,0.99632084
0.753508,1643,0.99930745
0.8648545,1644,0.9978859
0.9395337,1645,0.9970824
0.96519595,1646,0.99558824
1.0725282,1647,0.99576575
1.1060947,1648,0.99853265
1.1588295,1649,0.992515
1.1147996,1650,0.99562997
1.1089997,1651,0.9906475
1.1295352,1652,0.9895616
0.98778623,1653,0.9970631
1.1074078,1654,0.99714696
0.98290026,1655,0.9946809
0.86541075,1656,0.9992832
0.91680026,1657,0.9992738
0.9226778,1658,0.99649864
0.8668497,1659,0.9933872
0.8542687,1660,0.99928373
0.8342928,1661,0.99635303
0.79366577,1662,0.9985916
0.82062256,1663,0.9971812
0.81896657,1664,0.999278
0.8109753,1665,0.99540937
0.8250936,1666,0.992722
0.7774057,1667,0.99856114
0.7817947,1668,0.99861884
0.83697003,1669,0.9978198
0.7847795,1670,0.99405646
0.8576773,1671,0.9934593
0.87254226,1672,0.9953917
0.8824325,1673,0.99571735
0.89504284,1674,0.99309397
0.9315009,1675,0.9993031
0.84322524,1676,0.99717915
0.86954,1677,0.99562687
0.87252855,1678,1.0
0.87033135,1679,0.9927325
0.86258376,1680,0.99256504
0.84163994,1681,1.0
0.8499421,1682,0.9926847
0.82481325,1683,0.9946565
0.8294296,1684,0.99299234
0.8068027,1685,0.9985539
0.8127808,1686,0.99341625
0.79844207,1687,0.99139166
0.8032739,1688,0.9985745
0.7514293,1689,0.99107146
0.7649895,1690,0.99703705
0.7796979,1691,0.99783236
0.8206601,1692,0.9985528
0.77877843,1693,0.99857754
0.8310866,1694,0.9936486
0.89454436,1695,0.99490166
0.80878997,1696,0.99927586
0.74797845,1697,0.9941392
0.7458575,1698,0.9948643
0.7789631,1699,0.992052
0.8227668,1700,0.9961803
0.81142086,1701,0.99925375
0.75618404,1702,0.992674
0.7469432,1703,1.0
0.7179378,1704,0.99786025
0.7653472,1705,0.99637944
0.7745482,1706,0.9978245
0.74731714,1707,0.9925318
0.7790743,1708,0.9978962
0.69450164,1709,0.9970824
0.72739446,1710,0.9971285
0.7558411,1711,0.9985423
0.7587667,1712,0.9985935
0.7635042,1713,0.9985465
0.7027547,1714,0.99777114
0.7339391,1715,0.99642605
0.7522511,1716,0.9971367
0.72757435,1717,0.9985985
0.6924398,1718,0.9900143
0.7575015,1719,0.99779737
0.7761117,1720,0.9959786
0.72363794,1721,0.9963045
0.7192187,1722,0.99379367
0.7110612,1723,0.992029
0.71655285,1724,0.99213165
0.75249016,1725,0.997006
0.7190246,1726,0.9985601
0.74928784,1727,0.996535
0.77523303,1728,0.99507046
0.6762124,1729,0.99852943
0.7441565,1730,0.9964337
0.6917378,1731,0.9977811
0.6637167,1732,0.9945862
0.74050355,1733,0.98673546
0.7535669,1734,0.9985433
0.6857273,1735,0.9972622
0.7350785,1736,0.99929124
0.73656887,1737,0.99385667
0.6462198,1738,0.996382
0.76145536,1739,0.9950249
0.6869532,1740,0.99925816
0.6675145,1741,0.99493486
0.68656415,1742,0.9992877
0.7028258,1743,0.997114
0.70364463,1744,0.99428976
0.6701485,1745,0.99854124
0.756664,1746,0.9951152
0.6910707,1747,0.99928725
0.7023901,1748,0.994298
0.6529344,1749,0.99775285
0.6184647,1750,0.997155
0.68504107,1751,0.99348766
0.66824514,1752,0.99781495
0.7038434,1753,0.996299
0.68463355,1754,0.9949495
0.6900395,1755,0.99856734
0.6691808,1756,1.0
0.664361,1757,0.9970392
0.65757763,1758,0.9907802
0.6586846,1759,0.9978663
0.73059875,1760,0.99633163
0.71611965,1761,0.99158484
0.70382905,1762,1.0
0.70876116,1763,0.99569273
0.6670051,1764,0.99854964
0.70268726,1765,0.99247557
0.7310305,1766,1.0
0.73470926,1767,0.99709725
0.728508,1768,0.9943543
0.7147453,1769,0.995
0.7059642,1770,1.0
0.70594496,1771,0.999269
0.6975698,1772,0.9985724
0.6811804,1773,0.99699026
0.73643583,1774,0.99777114
0.75340235,1775,0.9950565
0.7298491,1776,0.99714285
0.7250449,1777,0.9985856
0.7457734,1778,0.9943503
0.69532704,1779,0.9992764
0.68704724,1780,0.99699926
0.7177644,1781,0.9986034
0.7143236,1782,0.99852395
0.6866848,1783,1.0
0.65008134,1784,0.9925816
0.64935493,1785,0.9992504
0.7369156,1786,0.9943142
0.6849793,1787,0.99849963
0.699877,1788,0.9971929
0.69628423,1789,0.9993146
0.7289417,1790,0.99860823
0.6710319,1791,0.9992685
0.7085376,1792,0.99854016
0.6653306,1793,0.9956076
0.68414503,1794,0.99424046
0.76429045,1795,0.99706745
0.70383453,1796,0.9963477
0.69290006,1797,1.0
0.7766421,1798,0.99928826
0.73594606,1799,0.9964311
0.73799837,1800,0.9970653
0.67150843,1801,0.9978308
0.72583085,1802,0.99276936
0.6715846,1803,0.99928623
0.6223238,1804,0.9992498
0.7108812,1805,0.99484915
0.72425324,1806,0.9943899
0.6647488,1807,0.99848944
0.7029781,1808,0.99716914
0.6566825,1809,0.99927115
0.6088205,1810,0.9956427
0.6033416,1811,0.9963262
0.5730462,1812,0.9969088
0.6175633,1813,0.99925095
0.6591096,1814,0.9978541
0.5872186,1815,0.99642855
0.62313575,1816,0.99859744
0.6596156,1817,0.99640024
0.6087275,1818,0.9949276
0.6364628,1819,0.9938356
0.54803914,1820,0.9992642
0.60986495,1821,0.99928373
0.5820962,1822,0.999262
0.61579806,1823,0.99927324
0.59350073,1824,0.9992877
0.6471264,1825,0.9964106
0.6659112,1826,0.9936664
0.6222885,1827,0.995702
0.58072853,1828,0.9949128
0.5539668,1829,0.99859947
0.617225,1830,0.99707603
0.5787575,1831,0.9985816
0.5934398,1832,0.99775285
0.6210711,1833,0.99279535
0.5737276,1834,0.99783236
0.67073274,1835,0.9978495
0.58501446,1836,0.99842644
0.61074245,1837,0.9985856
0.6469285,1838,0.9986004
0.59237486,1839,0.9985423
0.6046927,1840,0.99928373
0.6281599,1841,0.9971671
0.619201,1842,0.99706745
0.6429884,1843,0.99778926
0.59658545,1844,0.9958391
0.61033404,1845,0.9985925
0.61582917,1846,0.99718904
0.62955785,1847,0.9964055
0.6178184,1848,0.9992642
0.6097241,1849,0.9964764
0.63053185,1850,0.99126637
0.56350327,1851,0.9985283
0.6232417,1852,0.9964337
0.5756953,1853,0.9978903
0.59755784,1854,0.99640286
0.5906478,1855,0.9927537
0.5954101,1856,0.9963925
0.57158303,1857,0.99716914
0.5547528,1858,0.99705666
0.5245443,1859,0.9970238
0.5776693,1860,0.9985816
0.57975096,1861,0.9964664
0.60477453,1862,0.9938556
0.58055186,1863,0.9992943
0.57123786,1864,0.99123454
0.56164813,1865,0.99788284
0.5710672,1866,0.99506
0.6209519,1867,0.99642086
0.541823,1868,0.99327356
0.5808897,1869,0.99575675
0.5415914,1870,0.99928373
0.5441665,1871,0.99926794
0.5928565,1872,0.9964589
0.56630754,1873,0.9992647
0.56199974,1874,0.9963899
0.54221624,1875,1.0
0.58279264,1876,0.99429387
0.55653703,1877,0.99925977
0.51822853,1878,0.9954955
0.5754983,1879,0.9962908
0.5498625,1880,1.0
0.51586306,1881,0.9985724
0.58500725,1882,0.99786025
0.5384474,1883,0.99847555
0.5519407,1884,0.99788135
0.54377764,1885,0.99633163
0.54173046,1886,1.0
0.53139037,1887,0.99856323
0.56256926,1888,0.9951083
0.5561534,1889,0.9928521
0.5652425,1890,1.0
0.53188884,1891,0.9941349
0.5354677,1892,0.9965278
0.56324,1893,0.99999994
0.5570252,1894,0.99782765
0.55399466,1895,0.9949276
0.54307204,1896,0.99495673
0.5687729,1897,0.9992943
0.49789736,1898,0.99780864
0.55775577,1899,0.99787384
0.52773345,1900,1.0
0.572732,1901,0.99928373
0.5724606,1902,0.9933135
0.52249455,1903,0.9985316
0.55611944,1904,0.9948906
0.52017134,1905,0.99499285
0.5299451,1906,0.9963154
0.5835578,1907,0.9978694
0.52969915,1908,0.9985745
0.5645616,1909,0.9874739
0.60525775,1910,0.9938817
0.54214126,1911,0.99568963
0.5622617,1912,0.9971285
0.5099226,1913,0.9954921
0.51166093,1914,0.9941392
0.5339337,1915,0.99927324
0.52188337,1916,0.9963343
0.51327485,1917,0.99570817
0.5084343,1918,0.9985444
0.54732007,1919,0.9979036
0.5032399,1920,0.9985816
0.48548573,1921,0.99348766
0.53720206,1922,0.99548197
0.5480526,1923,0.993353
0.5421086,1924,0.9956741
0.56602985,1925,0.9958159
0.5443892,1926,0.9985444
0.5710046,1927,1.0
0.53822845,1928,0.996382
0.5331431,1929,0.9938885
0.564021,1930,0.9962963
0.5604997,1931,0.99784017
0.5675066,1932,0.99551237
0.57451856,1933,0.99571127
0.52630377,1934,0.99562687
0.57890594,1935,0.9962935
0.5419361,1936,1.0
0.59142,1937,0.99592674
0.58170027,1938,0.9923489
0.60301995,1939,0.99846864
0.5880087,1940,0.9992754
0.5917931,1941,0.99551237
0.58710325,1942,0.9958071
0.5919352,1943,0.9992982
0.5665262,1944,0.9971408
0.5686675,1945,0.9985601
0.6007856,1946,0.99852395
0.53780186,1947,0.9948643
0.56785417,1948,0.99783707
0.6047023,1949,0.9985925
0.6066294,1950,0.99929774
0.7097687,1951,0.99254847
0.75953794,1952,0.9992685
0.807916,1953,0.9970631
0.89966774,1954,0.99570817
0.99715525,1955,0.9992647
0.9161889,1956,0.9958989
0.9224876,1957,0.9940872
1.0109152,1958,0.9979182
0.95854455,1959,0.9986034
1.0311676,1960,0.9928622
0.91239697,1961,0.9977745
0.9863924,1962,0.99215966
1.0032247,1963,0.9957747
0.9791858,1964,0.9942071
0.9019998,1965,0.9929528
0.8243442,1966,0.99781024
0.86617696,1967,0.99790794
0.84358144,1968,0.9956958
0.7997855,1969,0.99787384
0.8055503,1970,0.99928623
0.7885605,1971,0.99503195
0.82481945,1972,1.0
0.8221059,1973,0.9941349
0.75482655,1974,0.9964311
0.74356663,1975,0.9962293
0.72707194,1976,0.99709725
0.77836615,1977,0.99854755
0.79463255,1978,0.99368864
0.782801,1979,0.99502134
0.7771232,1980,0.99858755
0.7659679,1981,1.0
0.7741393,1982,0.99783397
0.7438257,1983,1.0
0.7455317,1984,0.9978918
0.77074957,1985,1.0
0.74584824,1986,0.9992877
0.724827,1987,0.99634504
0.7677647,1988,0.99777776
0.723841,1989,0.9985663
0.77726156,1990,0.9985423
0.73678666,1991,0.99615973
0.7561548,1992,0.9978166
0.79970807,1993,0.99786323
0.7044444,1994,0.99483013
0.71721226,1995,0.9992504
0.6819717,1996,0.9958535
0.7087911,1997,0.9970653
0.70787513,1998,0.9979282
0.68912566,1999,0.99267936
